r3Ptstat,3PtStat,collegeServicableShooter,age,height,Oposs,avgPosition,avgRole,PlusMinus,usg,efg,ts,dunks,dunkAtts,close2,close2Atts,close2Pct,far2,far2Atts,far2Pct,ft,ftAtts,ftPct,2p,2pAtt,2pPct,3pr,3p,3Pp100,3pAtts,3PAp100,3pPct,N1Sage,N1Susg,N1Sefg,N1Sts,N1Sdunks,N1SdunkAtts,N1Sclose2,N1Sclose2Atts,N1Sclose2Pct,N1Sfar2,N1Sfar2Atts,N1Sfar2Pct,N1Sft,N1SftAtts,N1SftPct,N1S2p,N1S2pAtt,N1S2pPct,N1S3pr,N1S3p,N1S3pAtts,N1S3pPct,N2Sage,N2Susg,N2Sefg,N2Sts,N2Sdunks,N2SdunkAtts,N2Sclose2,N2Sclose2Atts,N2Sclose2Pct,N2Sfar2,N2Sfar2Atts,N2Sfar2Pct,N2Sft,N2SftAtts,N2SftPct,N2S2p,N2S2pAtt,N2S2pPct,N2S3pr,N2S3p,N2S3pAtts,N2S3pPct,OBPR,BPR,Box OBPR,Box BPR,AdjTeamOffEff,AdjTeamEffmargin
0,0,FALSE,21,85,1649,4.2,3.5,379,18.3,57.2,58.8,69,74,106,141,0.752,30,96,0.313,79,128,0.617,135,236,0.572,0,0,0,0,0,0,20,14.9,59.6,58,44,48,83,114,0.728,23,63,0.365,40,83,0.482,106,178,0.596,0,0,0,0,19,19.9,62.1,57.7,52,52,82,101,0.812,23,68,0.338,32,86,0.372,105,169,0.621,0,0,0,0,2.89,8.24,2.51,5.08,107.4,19.7
0,0,FALSE,22,82,1099,5,3.1,121,18.3,68.6,65,59,62,86,108,0.796,8,28,0.286,52,100,0.52,94,136,0.691,0.7,0,0,1,0.090991811,0,21,18.1,65.8,65.3,52,55,67,83,0.807,35,72,0.486,29,49,0.592,102,155,0.658,0,0,0,0,19,14.7,60.7,57.3,33,38,54,74,0.73,17,41,0.415,29,68,0.426,71,116,0.612,0.9,0,1,0,1.9,4.1,1.54,2.89,110.8,22.1
0,0,FALSE,20,85,1740,5,1.5,254,26,64,66.2,32,34,199,284,0.701,23,62,0.371,161,231,0.697,222,347,0.64,0,0,0,0,0,0,19,22.1,67.9,62.7,17,17,101,135,0.748,24,48,0.5,52,120,0.433,125,183,0.683,0.5,0,1,0,19,22.1,67.9,62.7,17,17,101,135,0.748,24,48,0.5,52,120,0.433,125,183,0.683,0.5,0,1,0,4.07,6.28,4.11,5.13,112.9,12.3
0,0,FALSE,20,83,1688,5,1.7,201,25.2,65.9,65.1,86,91,182,224,0.813,31,99,0.313,114,193,0.591,213,323,0.659,0,0,0,0,0,0,19,23.8,60.5,59.4,74,78,134,170,0.788,30,101,0.297,85,161,0.528,164,271,0.605,0,0,0,0,19,23.8,60.5,59.4,74,78,134,170,0.788,30,101,0.297,85,161,0.528,164,271,0.605,0,0,0,0,3.11,6.09,0.76,2.11,111.4,20.3
0.069442782,0,FALSE,21,85,1723,5,2.7,417,20.6,63.5,66.1,84,93,145,196,0.74,38,89,0.427,100,136,0.735,183,285,0.642,1,0,0,3,0.174114916,0,20,16.8,52,55,29,31,42,63,0.667,9,34,0.265,35,56,0.625,51,97,0.526,1,0,1,0,20,16.8,52,55,29,31,42,63,0.667,9,34,0.265,35,56,0.625,51,97,0.526,1,0,1,0,2.93,5.89,3.48,5.15,118.5,32.7
0,0,FALSE,19,82,2077,4.7,3.4,333,19.2,59.9,62.4,99,105,138,185,0.746,32,99,0.323,154,236,0.653,170,283,0.601,0.4,0,0,1,0.048146365,0,19,19.2,59.9,62.4,99,105,138,185,0.746,32,99,0.323,154,236,0.653,170,283,0.601,0.4,0,1,0,19,19.2,59.9,62.4,99,105,138,185,0.746,32,99,0.323,154,236,0.653,170,283,0.601,0.4,0,1,0,3.32,5.5,2.72,3.9,117.4,27.9
0.370346594,0,FALSE,19,82,919,5,2.8,93,21.3,54,58.7,23,25,55,80,0.688,19,54,0.352,63,90,0.7,74,135,0.548,1.5,0,0,2,0.217627856,0,19,21.3,54,58.7,23,25,55,80,0.688,19,54,0.352,63,90,0.7,74,135,0.548,1.5,0,2,0,19,21.3,54,58.7,23,25,55,80,0.688,19,54,0.352,63,90,0.7,74,135,0.548,1.5,0,2,0,2.08,5.18,0.76,3.3,104.1,9.5
0.07468467,0,FALSE,19,83,1850,5,2.3,390,27.6,66.4,64.1,64,67,213,270,0.789,66,150,0.44,99,194,0.51,279,420,0.664,0,0,0,0,0,0,19,27.6,66.4,64.1,64,67,213,270,0.789,66,150,0.44,99,194,0.51,279,420,0.664,0,0,0,0,19,27.6,66.4,64.1,64,67,213,270,0.789,66,150,0.44,99,194,0.51,279,420,0.664,0,0,0,0,4.09,5.82,4.19,5.36,117.5,18.8
0,0,FALSE,18,83,1296,5,2.5,156,23,59.7,60.8,70,76,111,152,0.73,30,83,0.361,65,104,0.625,141,235,0.6,0.4,0,0,1,0.077160494,0,18,23,59.7,60.8,70,76,111,152,0.73,30,83,0.361,65,104,0.625,141,235,0.6,0.4,0,1,0,18,23,59.7,60.8,70,76,111,152,0.73,30,83,0.361,65,104,0.625,141,235,0.6,0.4,0,1,0,3.09,4.99,2.35,4.18,112.7,21.5
0.235466558,0,FALSE,18,83,1772,5,2.8,-82,22.9,56.6,57.1,45,48,98,138,0.71,81,170,0.476,84,149,0.564,179,309,0.579,2.2,0,0,7,0.39503386,0,18,22.9,56.6,57.1,45,48,98,138,0.71,81,170,0.476,84,149,0.564,179,309,0.579,2.2,0,7,0,18,22.9,56.6,57.1,45,48,98,138,0.71,81,170,0.476,84,149,0.564,179,309,0.579,2.2,0,7,0,0.35,1.81,0.61,1.99,95.9,-6.1
0.111803399,0,FALSE,18,83,1106,5,2.3,103,16.9,72.8,73.9,74,75,105,123,0.854,18,46,0.391,74,100,0.74,123,169,0.728,0,0,0,0,0,0,18,16.9,72.8,73.9,74,75,105,123,0.854,18,46,0.391,74,100,0.74,123,169,0.728,0,0,0,0,18,16.9,72.8,73.9,74,75,105,123,0.854,18,46,0.391,74,100,0.74,123,169,0.728,0,0,0,0,2.68,3.57,1.54,3.21,116.2,21.4
0.749664725,0,FALSE,19,80,1520,3.9,2.9,278,21.4,49.6,54.7,28,33,88,129,0.682,45,135,0.333,120,178,0.674,133,263,0.506,1.9,0,0,5,0.328947368,0,19,21.4,49.6,54.7,28,33,88,129,0.682,45,135,0.333,120,178,0.674,133,263,0.506,1.9,0,5,0,19,21.4,49.6,54.7,28,33,88,129,0.682,45,135,0.333,120,178,0.674,133,263,0.506,1.9,0,5,0,2.43,5.4,2.09,3.03,110.4,17.3
0.387659645,0,FALSE,19,82,1597,5,1.9,213,29.2,62.2,65.8,59,62,168,223,0.753,66,149,0.443,164,220,0.745,234,375,0.624,0.3,0,0,1,0.062617408,0,19,29.2,62.2,65.8,59,62,168,223,0.753,66,149,0.443,164,220,0.745,234,375,0.624,0.3,0,1,0,19,29.2,62.2,65.8,59,62,168,223,0.753,66,149,0.443,164,220,0.745,234,375,0.624,0.3,0,1,0,4.98,6.34,4.5,6.19,119.5,11.9
0,0,FALSE,20,85,1571,5,2.3,276,18.6,71.8,72.4,96,101,171,219,0.781,20,46,0.435,56,77,0.727,191,265,0.721,0.4,0,0,1,0.063653724,0,20,18.6,71.8,72.4,96,101,171,219,0.781,20,46,0.435,56,77,0.727,191,265,0.721,0.4,0,1,0,20,18.6,71.8,72.4,96,101,171,219,0.781,20,46,0.435,56,77,0.727,191,265,0.721,0.4,0,1,0,4.46,6.02,3.88,5.94,122.2,28.2
0.847806641,0.204391277,FALSE,19,82,1322,3.7,3.6,271,20.6,49.6,54.3,28,30,69,88,0.784,44,123,0.358,75,102,0.735,113,211,0.536,12.1,4,0.302571861,29,2.193645991,0.138,19,20.6,49.6,54.3,28,30,69,88,0.784,44,123,0.358,75,102,0.735,113,211,0.536,12.1,4,29,0.138,19,20.6,49.6,54.3,28,30,69,88,0.784,44,123,0.358,75,102,0.735,113,211,0.536,12.1,4,29,0.138,3.4,6.62,2.52,3.65,110.7,19.7
0,0.128025948,FALSE,22,81,1881,4.9,2.8,344,19.2,64,65.5,50,55,131,178,0.736,36,75,0.48,77,111,0.694,168,254,0.661,4.9,2,0.106326422,13,0.691121744,0.154,21,18.7,57.5,57.1,21,30,72,108,0.667,16,43,0.372,27,52,0.519,88,151,0.583,1.3,0,2,0,20,12.4,59.5,59,31,34,74,99,0.747,4,31,0.129,11,22,0.5,78,131,0.595,0,0,0,0,2.94,5.96,2.97,5.07,113.5,17
0.906423135,0.134473725,FALSE,19,85,1106,5,2.2,200,24.4,62.9,65.5,30,30,80,99,0.808,25,65,0.385,98,143,0.685,106,166,0.639,2.9,1,0.090415913,5,0.452079566,0.2,19,24.4,62.9,65.5,30,30,80,99,0.808,25,65,0.385,98,143,0.685,106,166,0.639,2.9,1,5,0.2,19,24.4,62.9,65.5,30,30,80,99,0.808,25,65,0.385,98,143,0.685,106,166,0.639,2.9,1,5,0.2,2.79,6.52,2.73,5.91,114.3,16.3
0.090441141,0.179076555,FALSE,21,81,1871,4.9,1.9,281,28,54,56.9,31,32,129,175,0.737,126,291,0.433,133,194,0.686,255,466,0.547,3.1,3,0.160342063,15,0.801710315,0.2,20,21.7,56.3,60.7,31,31,113,163,0.693,43,112,0.384,97,126,0.77,156,275,0.567,0.7,0,2,0,20,21.7,56.3,60.7,31,31,113,163,0.693,43,112,0.384,97,126,0.77,156,275,0.567,0.7,0,2,0,2.51,4.67,1.88,2.56,105.3,14.6
0.105303846,0.353332627,FALSE,20,85,1602,5,2.8,266,19,62.7,62.7,79,81,141,180,0.783,12,38,0.316,53,89,0.596,153,218,0.702,18.7,10,0.624219725,50,3.121098627,0.2,20,19,62.7,62.7,79,81,141,180,0.783,12,38,0.316,53,89,0.596,153,218,0.702,18.7,10,50,0.2,20,19,62.7,62.7,79,81,141,180,0.783,12,38,0.316,53,89,0.596,153,218,0.702,18.7,10,50,0.2,2.07,6.11,2.19,4.28,109.6,27.1
0.299959331,0.265336496,FALSE,20,79,1765,3.9,3.3,576,20.9,51.3,57.3,40,43,91,127,0.717,41,119,0.345,145,205,0.707,132,246,0.537,10.5,6,0.339943343,29,1.64305949,0.207,19,20.4,49.4,54.4,28,30,92,132,0.697,27,105,0.257,103,151,0.682,119,237,0.502,4,2,10,0.2,19,20.4,49.4,54.4,28,30,92,132,0.697,27,105,0.257,103,151,0.682,119,237,0.502,4,2,10,0.2,4.2,8.4,2.58,4.27,116.7,31.7
0.988599565,0.440613557,FALSE,19,82,2089,4.5,2.9,305,18.6,48.9,53.8,14,15,87,138,0.63,36,93,0.387,102,140,0.729,125,237,0.527,23.1,17,0.813786501,71,3.398755385,0.239,19,18.6,48.9,53.8,14,15,87,138,0.63,36,93,0.387,102,140,0.729,125,237,0.527,23.1,17,71,0.239,19,18.6,48.9,53.8,14,15,87,138,0.63,36,93,0.387,102,140,0.729,125,237,0.527,23.1,17,71,0.239,2.15,5.75,1.36,3.47,111.5,25.8
0.490502294,0.588467726,FALSE,21,81,1325,3.1,1.8,-168,22.8,44.6,48.6,3,5,44,73,0.603,22,60,0.367,56,84,0.667,66,133,0.496,37.3,19,1.433962264,79,5.962264151,0.241,21,22.8,44.6,48.6,3,5,44,73,0.603,22,60,0.367,56,84,0.667,66,133,0.496,37.3,19,79,0.241,21,22.8,44.6,48.6,3,5,44,73,0.603,22,60,0.367,56,84,0.667,66,133,0.496,37.3,19,79,0.241,-0.66,0.68,0.16,2.09,96.4,0.7
0.598453173,0.457382332,FALSE,19,75,1996,1.3,1.2,365,27.6,49.7,54.8,20,21,131,203,0.645,66,176,0.375,156,211,0.739,197,379,0.52,15.4,17,0.851703407,69,3.456913828,0.246,19,27.6,49.7,54.8,20,21,131,203,0.645,66,176,0.375,156,211,0.739,197,379,0.52,15.4,17,69,0.246,19,27.6,49.7,54.8,20,21,131,203,0.645,66,176,0.375,156,211,0.739,197,379,0.52,15.4,17,69,0.246,4.18,6.75,3.35,4.74,117.6,29.1
0,0.128416374,FALSE,19,81,1516,5,1.7,114,23.4,61.9,64.6,58,61,135,186,0.726,39,94,0.415,103,143,0.72,175,281,0.623,1.4,1,0.065963061,4,0.263852243,0.25,19,23.4,61.9,64.6,58,61,135,186,0.726,39,94,0.415,103,143,0.72,175,281,0.623,1.4,1,4,0.25,19,23.4,61.9,64.6,58,61,135,186,0.726,39,94,0.415,103,143,0.72,175,281,0.623,1.4,1,4,0.25,2.03,4.07,1.48,2.74,104.5,15.2
0.444609604,0.192735836,FALSE,19,83,1346,5,2.2,276,24.2,57,62.7,22,24,87,121,0.719,56,128,0.438,109,134,0.813,143,248,0.577,3.1,2,0.14858841,8,0.59435364,0.25,19,24.2,57,62.7,22,24,87,121,0.719,56,128,0.438,109,134,0.813,143,248,0.577,3.1,2,8,0.25,19,24.2,57,62.7,22,24,87,121,0.719,56,128,0.438,109,134,0.813,143,248,0.577,3.1,2,8,0.25,3.57,7.42,3.48,5.79,108,17.4
0.482562846,0.268105187,FALSE,18,81,1739,5,2,153,24.2,57.7,62.9,26,30,134,193,0.694,53,124,0.427,154,199,0.774,187,317,0.59,5.9,5,0.287521564,20,1.150086256,0.25,18,24.2,57.7,62.9,26,30,134,193,0.694,53,124,0.427,154,199,0.774,187,317,0.59,5.9,5,20,0.25,18,24.2,57.7,62.9,26,30,134,193,0.694,53,124,0.427,154,199,0.774,187,317,0.59,5.9,5,20,0.25,2.72,4.47,1.75,2.53,104.4,14.9
0.248555024,0.42869985,FALSE,19,75,1971,1.6,1,100,29.5,51.6,54.1,21,24,169,247,0.684,36,137,0.263,167,283,0.59,205,384,0.534,12.3,14,0.71029934,54,2.739726027,0.259,18,26.9,49.4,53.1,18,19,115,178,0.646,52,157,0.331,132,205,0.644,167,338,0.494,12.7,16,49,0.327,17,24.5,44.7,48.7,8,8,62,100,0.62,13,62,0.21,75,133,0.564,76,162,0.469,4.7,0,8,0,2.66,3.82,2.6,3.41,109.1,4.8
0.575593259,0.44163051,FALSE,21,80,1733,4.5,2.3,398,21.6,57.2,59.3,28,33,129,179,0.721,23,71,0.324,82,123,0.667,152,250,0.608,16.7,13,0.750144259,50,2.885170225,0.26,20,20.1,62.2,65.2,24,28,124,173,0.717,12,38,0.316,93,127,0.732,136,211,0.645,11.3,8,27,0.296,20,20.1,62.2,65.2,24,28,124,173,0.717,12,38,0.316,93,127,0.732,136,211,0.645,11.3,8,27,0.296,4.22,8.31,3.11,5.39,111.1,22.2
0.544450457,0.23881206,FALSE,22,80,1875,5,2,644,24,69.3,69.9,60,61,192,241,0.797,61,118,0.517,109,157,0.694,253,359,0.705,4,4,0.213333333,15,0.8,0.267,20,25.1,58.5,58.7,40,43,141,201,0.701,65,151,0.43,75,131,0.573,206,352,0.585,0.8,1,3,0.333,19,17.6,62.5,61.9,21,21,74,96,0.771,22,54,0.407,50,88,0.568,96,150,0.64,3.8,1,6,0.167,4.06,7.24,3.8,5.42,124.6,41
0.461524431,0.640390281,FALSE,21,77,1043,2.9,2.6,144,22.1,45.7,48.8,14,15,48,89,0.539,14,39,0.359,44,70,0.629,62,128,0.484,31.9,16,1.534036433,60,5.752636625,0.267,20,21.5,51.5,55.9,18,23,90,144,0.625,11,53,0.208,90,121,0.744,101,197,0.513,32.5,33,95,0.347,20,21.5,51.5,55.9,18,23,90,144,0.625,11,53,0.208,90,121,0.744,101,197,0.513,32.5,33,95,0.347,2.61,5.73,1.64,3.45,110,22.2
0.310314034,0.642860455,FALSE,20,80,2001,3.2,1.3,7,33.6,54.8,57.4,37,37,192,251,0.765,120,286,0.42,156,226,0.69,311,536,0.58,17.8,31,1.549225387,116,5.797101449,0.267,19,18.5,64.5,63.8,14,14,107,142,0.754,65,130,0.5,39,72,0.542,172,272,0.632,9,14,27,0.519,19,18.5,64.5,63.8,14,14,107,142,0.754,65,130,0.5,39,72,0.542,172,272,0.632,9,14,27,0.519,4.27,5.03,2.66,3.34,111.6,9.9
0.524621864,0.573009263,FALSE,18,78,1146,4.3,3.7,198,24,50.5,55.1,35,38,86,126,0.683,31,95,0.326,77,100,0.77,117,221,0.529,19,14,1.221640489,52,4.537521815,0.269,18,24,50.5,55.1,35,38,86,126,0.683,31,95,0.326,77,100,0.77,117,221,0.529,19,14,52,0.269,18,24,50.5,55.1,35,38,86,126,0.683,31,95,0.326,77,100,0.77,117,221,0.529,19,14,52,0.269,3.19,5.4,1.73,2.96,117.4,29.6
0.899555446,0.540426049,FALSE,18,77,1207,2.3,2.4,76,27.3,47.4,51.7,15,20,54,93,0.581,44,106,0.415,71,101,0.703,97,198,0.49,19.5,13,1.077050539,48,3.976801988,0.271,18,27.3,47.4,51.7,15,20,54,93,0.581,44,106,0.415,71,101,0.703,97,198,0.49,19.5,13,48,0.271,18,27.3,47.4,51.7,15,20,54,93,0.581,44,106,0.415,71,101,0.703,97,198,0.49,19.5,13,48,0.271,0.58,2.33,1.05,2.09,104.6,16.5
0.151320851,0.632368047,FALSE,18,83,1164,5,2.9,101,23.8,48.8,55.6,11,13,40,54,0.741,60,141,0.426,94,112,0.839,100,195,0.513,24.1,17,1.4604811,62,5.326460481,0.274,18,23.8,48.8,55.6,11,13,40,54,0.741,60,141,0.426,94,112,0.839,100,195,0.513,24.1,17,62,0.274,18,23.8,48.8,55.6,11,13,40,54,0.741,60,141,0.426,94,112,0.839,100,195,0.513,24.1,17,62,0.274,0.89,4.32,1.47,3.89,100,8.1
0.712039325,0.76417857,FALSE,19,79,1877,3.4,2.6,-102,26.2,45.3,53.3,18,19,91,162,0.562,29,89,0.326,162,195,0.831,120,251,0.478,36.8,40,2.131060202,146,7.778369739,0.274,19,26.2,45.3,53.3,18,19,91,162,0.562,29,89,0.326,162,195,0.831,120,251,0.478,36.8,40,146,0.274,19,26.2,45.3,53.3,18,19,91,162,0.562,29,89,0.326,162,195,0.831,120,251,0.478,36.8,40,146,0.274,0.68,1.17,0.53,0.89,102.9,4.8
0.636396103,0.508944509,FALSE,19,83,1489,5,3,82,21.5,56.7,59.3,65,68,109,143,0.762,23,75,0.307,81,119,0.681,132,219,0.603,18.9,14,0.940228341,51,3.425117529,0.275,19,21.5,56.7,59.3,65,68,109,143,0.762,23,75,0.307,81,119,0.681,132,219,0.603,18.9,14,51,0.275,19,21.5,56.7,59.3,65,68,109,143,0.762,23,75,0.307,81,119,0.681,132,219,0.603,18.9,14,51,0.275,2.04,5.33,1.74,4.46,107.2,19
0.57898506,0.521098825,FALSE,19,81,1114,1.6,1.3,165,25.3,53.1,54.8,19,21,61,89,0.685,26,66,0.394,41,66,0.621,87,155,0.561,20.5,11,0.987432675,40,3.590664273,0.275,19,25.3,53.1,54.8,19,21,61,89,0.685,26,66,0.394,41,66,0.621,87,155,0.561,20.5,11,40,0.275,19,25.3,53.1,54.8,19,21,61,89,0.685,26,66,0.394,41,66,0.621,87,155,0.561,20.5,11,40,0.275,3.72,6.08,3.08,4.7,109.8,13.5
0.957543524,0.670966526,FALSE,20,81,1428,4.4,2.9,198,24.1,53.4,55.8,23,25,88,121,0.727,44,108,0.407,60,84,0.714,132,230,0.574,26.3,23,1.610644258,82,5.742296919,0.28,19,19.8,49.6,55.2,16,18,75,121,0.62,17,64,0.266,79,97,0.814,92,185,0.497,25.7,21,64,0.328,19,19.8,49.6,55.2,16,18,75,121,0.62,17,64,0.266,79,97,0.814,92,185,0.497,25.7,21,64,0.328,4,6.08,3.37,4.2,112.5,13.5
0.643508508,0.670878305,FALSE,21,77,2000,1.4,1.4,129,27.3,48.1,54.6,10,11,118,186,0.634,59,169,0.349,162,195,0.831,177,354,0.5,24.4,32,1.6,114,5.7,0.281,19,27,49.1,54.9,3,3,66,109,0.606,58,160,0.362,134,171,0.784,124,269,0.461,29.9,43,115,0.374,19,27,49.1,54.9,3,3,66,109,0.606,58,160,0.362,134,171,0.784,124,269,0.461,29.9,43,115,0.374,3.01,3.33,2.51,2.81,109.2,4.3
0.654152123,0.591659726,FALSE,18,76,1705,2.3,2.6,103,19.1,48.3,53,18,22,67,107,0.626,13,51,0.255,77,109,0.706,80,157,0.51,32,21,1.231671554,74,4.340175953,0.284,18,19.1,48.3,53,18,22,67,107,0.626,13,51,0.255,77,109,0.706,80,157,0.51,32,21,74,0.284,18,19.1,48.3,53,18,22,67,107,0.626,13,51,0.255,77,109,0.706,80,157,0.51,32,21,74,0.284,2.19,3.74,2.18,4.77,110.4,5.6
0.641942365,0.618656039,FALSE,19,78,1496,2.9,2.5,207,20,55.3,58.5,19,23,101,149,0.678,4,25,0.16,90,134,0.672,105,174,0.603,28.7,20,1.336898396,70,4.679144385,0.286,19,20,55.3,58.5,19,23,101,149,0.678,4,25,0.16,90,134,0.672,105,174,0.603,28.7,20,70,0.286,19,20,55.3,58.5,19,23,101,149,0.678,4,25,0.16,90,134,0.672,105,174,0.603,28.7,20,70,0.286,2.13,3.95,1.62,2.19,106.4,11.8
0.67670119,0.711896041,FALSE,18,79,1838,2.8,2.9,156,21.7,49.4,53.2,13,17,85,135,0.63,26,77,0.338,78,105,0.743,111,212,0.524,34.2,32,1.741022851,110,5.98476605,0.291,18,21.7,49.4,53.2,13,17,85,135,0.63,26,77,0.338,78,105,0.743,111,212,0.524,34.2,32,110,0.291,18,21.7,49.4,53.2,13,17,85,135,0.63,26,77,0.338,78,105,0.743,111,212,0.524,34.2,32,110,0.291,2.07,3.4,1.95,3.18,118.8,16.5
0.920828757,0.818731055,FALSE,19,80,998,3,3.1,20,25.8,43.1,47.3,10,11,26,49,0.531,27,75,0.36,39,49,0.796,53,124,0.427,38.9,23,2.304609218,79,7.915831663,0.291,19,25.8,43.1,47.3,10,11,26,49,0.531,27,75,0.36,39,49,0.796,53,124,0.427,38.9,23,79,0.291,19,25.8,43.1,47.3,10,11,26,49,0.531,27,75,0.36,39,49,0.796,53,124,0.427,38.9,23,79,0.291,0.04,2.58,-0.13,1.16,99.3,11.4
1.071146395,1.035968043,FALSE,18,77,1870,2.5,2,-25,28.8,47,51.7,27,27,89,129,0.69,37,122,0.303,127,165,0.77,126,251,0.502,48.6,69,3.689839572,237,12.67379679,0.291,18,28.8,47,51.7,27,27,89,129,0.69,37,122,0.303,127,165,0.77,126,251,0.502,48.6,69,237,0.291,18,28.8,47,51.7,27,27,89,129,0.69,37,122,0.303,127,165,0.77,126,251,0.502,48.6,69,237,0.291,2,2.82,1.53,2.54,104.7,7.8
0.692954039,0.732230871,FALSE,19,75,1797,2,2.6,240,22.1,47.4,53.1,7,10,71,109,0.651,46,129,0.357,100,120,0.833,117,238,0.492,32.2,33,1.83639399,113,6.288258208,0.292,19,22.1,47.4,53.1,7,10,71,109,0.651,46,129,0.357,100,120,0.833,117,238,0.492,32.2,33,113,0.292,19,22.1,47.4,53.1,7,10,71,109,0.651,46,129,0.357,100,120,0.833,117,238,0.492,32.2,33,113,0.292,2.2,3.64,1.66,2.53,110.9,20.8
0.76249918,0.738173003,FALSE,19,79,1618,2.9,2.4,243,30.9,47.1,51.8,21,25,98,160,0.613,35,116,0.302,142,217,0.654,133,276,0.482,27,30,1.854140915,102,6.30407911,0.294,19,30.9,47.1,51.8,21,25,98,160,0.613,35,116,0.302,142,217,0.654,133,276,0.482,27,30,102,0.294,19,30.9,47.1,51.8,21,25,98,160,0.613,35,116,0.302,142,217,0.654,133,276,0.482,27,30,102,0.294,1.86,4.97,1.14,2.68,108,13.5
0.510116457,0.732964282,FALSE,18,81,1321,4.2,3.3,291,20,53.1,54.6,15,20,51,68,0.75,25,62,0.403,53,90,0.589,76,130,0.585,38.4,24,1.81680545,81,6.131718395,0.296,18,20,53.1,54.6,15,20,51,68,0.75,25,62,0.403,53,90,0.589,76,130,0.585,38.4,24,81,0.296,18,20,53.1,54.6,15,20,51,68,0.75,25,62,0.403,53,90,0.589,76,130,0.585,38.4,24,81,0.296,2.93,5.11,2.61,4.14,118.1,31
0.379143772,0.70519671,FALSE,21,77,1500,1.6,1.3,248,27.6,47.8,51.4,6,7,70,110,0.636,56,149,0.376,100,154,0.649,126,258,0.488,24.6,25,1.666666667,84,5.6,0.298,20,31.3,45.4,48.4,12,14,84,149,0.564,96,251,0.382,120,198,0.606,180,401,0.449,18,28,88,0.318,19,20.6,49.5,51.8,7,8,69,109,0.633,29,86,0.337,70,112,0.625,98,194,0.505,40.9,43,134,0.321,2.92,5.54,2.16,3.62,111.3,15.5
0.917435284,0.927867127,FALSE,19,76,1703,1.6,1,312,29.9,48.6,55.2,16,18,78,110,0.709,36,113,0.319,182,250,0.728,114,222,0.514,42.5,49,2.877275396,164,9.630064592,0.299,18,28.1,45.5,53.2,13,15,67,112,0.598,47,132,0.356,167,215,0.777,113,243,0.465,35,38,131,0.29,18,28.1,45.5,53.2,13,15,67,112,0.598,47,132,0.356,167,215,0.777,113,243,0.465,35,38,131,0.29,4.97,8.34,4.05,6.59,113.5,16.2
0.209141101,0.228681388,FALSE,20,82,1721,5,1.3,237,23.8,61.2,65.3,52,56,124,174,0.713,46,101,0.455,113,145,0.779,170,275,0.618,3.5,3,0.174317257,10,0.581057525,0.3,19,23.1,58.1,61.6,46,53,89,139,0.64,28,64,0.438,70,95,0.737,117,201,0.582,1.5,1,3,0.333,19,23.1,58.1,61.6,46,53,89,139,0.64,28,64,0.438,70,95,0.737,117,201,0.582,1.5,1,3,0.333,2.83,5.76,1.98,3.85,112.6,24.1
0.353553391,0.43188945,FALSE,19,85,1930,4.5,1.8,310,23.4,59.5,62.4,63,66,113,144,0.785,72,157,0.459,134,193,0.694,185,301,0.615,11.7,12,0.621761658,40,2.07253886,0.3,19,23.4,59.5,62.4,63,66,113,144,0.785,72,157,0.459,134,193,0.694,185,301,0.615,11.7,12,40,0.3,19,23.4,59.5,62.4,63,66,113,144,0.785,72,157,0.459,134,193,0.694,185,301,0.615,11.7,12,40,0.3,3.26,6.64,2.86,4.65,111.7,25.8
0.821084161,0.818621692,FALSE,19,79,1343,2.4,3.7,-14,21.4,40.7,44.7,9,10,43,86,0.5,30,104,0.288,51,65,0.785,73,190,0.384,34.5,30,2.233804914,100,7.446016381,0.3,19,21.4,40.7,44.7,9,10,43,86,0.5,30,104,0.288,51,65,0.785,73,190,0.384,34.5,30,100,0.3,19,21.4,40.7,44.7,9,10,43,86,0.5,30,104,0.288,51,65,0.785,73,190,0.384,34.5,30,100,0.3,1.04,2.55,0.9,2.18,97.7,-1.5
0.740562286,0.969779821,TRUE,18,77,1668,1.9,3,67,30.7,46.2,49.4,18,20,82,160,0.512,38,98,0.388,94,141,0.667,120,257,0.467,40.1,52,3.117505995,172,10.3117506,0.302,18,30.7,46.2,49.4,18,20,82,160,0.512,38,98,0.388,94,141,0.667,120,257,0.467,40.1,52,172,0.302,18,30.7,46.2,49.4,18,20,82,160,0.512,38,98,0.388,94,141,0.667,120,257,0.467,40.1,52,172,0.302,1.23,1.89,2.33,3.29,110.1,14.2
0.679165959,0.838946043,TRUE,20,77,1812,3.9,1.6,202,28.5,50.5,56.6,57,62,110,157,0.701,57,159,0.358,154,183,0.842,167,317,0.527,30.3,42,2.317880795,138,7.61589404,0.304,19,22.9,49.6,52.5,37,41,61,90,0.678,16,66,0.242,54,79,0.684,77,156,0.494,38.1,32,96,0.333,19,22.9,49.6,52.5,37,41,61,90,0.678,16,66,0.242,54,79,0.684,77,156,0.494,38.1,32,96,0.333,2.14,5.08,1.7,3.65,104.6,9
0.779696608,0.867088896,TRUE,19,77,1979,2.9,1.2,374,32.2,50.5,54.2,28,29,147,221,0.665,58,169,0.343,147,208,0.707,205,390,0.526,29.2,49,2.475997979,161,8.13542193,0.304,18,21.3,53.9,55.9,16,17,78,130,0.6,12,45,0.267,70,108,0.648,89,174,0.511,45.3,55,144,0.382,18,21.3,53.9,55.9,16,17,78,130,0.6,12,45,0.267,70,108,0.648,89,174,0.511,45.3,55,144,0.382,2.65,5.32,1.79,2.79,111.6,29.2
0.766177003,0.819123137,TRUE,19,77,818,3.4,2.9,-53,24.3,48.3,52.9,10,11,32,44,0.727,26,73,0.356,44,55,0.8,58,117,0.496,33.5,18,2.200488998,59,7.212713936,0.305,19,24.3,48.3,52.9,10,11,32,44,0.727,26,73,0.356,44,55,0.8,58,117,0.496,33.5,18,59,0.305,19,24.3,48.3,52.9,10,11,32,44,0.727,26,73,0.356,44,55,0.8,58,117,0.496,33.5,18,59,0.305,1.03,1.87,0.83,1.92,103.4,4.3
0.867149987,0.861188706,TRUE,21,77,1894,1.8,2.7,173,17.2,50,54.2,39,41,60,79,0.759,6,40,0.15,57,67,0.851,66,119,0.555,55.9,46,2.428722281,151,7.972544879,0.305,20,19,53.6,55.3,28,29,62,96,0.646,21,60,0.35,40,56,0.714,83,158,0.525,50.2,58,159,0.365,19,16.9,55,57.5,10,12,27,48,0.563,37,82,0.451,37,44,0.841,64,130,0.492,50.2,53,131,0.405,0.96,5.93,0.77,4.67,102.6,18
0.757258212,0.96049946,TRUE,18,79,2437,2.7,1.3,516,31.3,50.6,53.2,40,42,168,262,0.641,78,204,0.382,149,224,0.665,246,465,0.529,33.8,73,2.995486254,237,9.72507181,0.308,18,31.3,50.6,53.2,40,42,168,262,0.641,78,204,0.382,149,224,0.665,246,465,0.529,33.8,73,237,0.308,18,31.3,50.6,53.2,40,42,168,262,0.641,78,204,0.382,149,224,0.665,246,465,0.529,33.8,73,237,0.308,3.56,6.29,1.93,2.86,117,34.5
0.445466048,0.839813079,TRUE,22,77,2237,1,1,369,25.6,53.6,59.2,10,11,107,142,0.754,47,127,0.37,170,218,0.78,154,269,0.572,37,50,2.235136343,158,7.063030845,0.316,22,25.6,53.6,59.2,10,11,107,142,0.754,47,127,0.37,170,218,0.78,154,269,0.572,37,50,158,0.316,22,25.6,53.6,59.2,10,11,107,142,0.754,47,127,0.37,170,218,0.78,154,269,0.572,37,50,158,0.316,6.6,7.27,5.48,6.5,119.7,15.3
1.000348789,0.819156733,TRUE,18,78,1842,2.7,4.3,70,17.2,44.9,49.4,9,10,23,48,0.479,50,122,0.41,61,74,0.824,73,170,0.429,42,39,2.117263844,123,6.67752443,0.317,18,17.2,44.9,49.4,9,10,23,48,0.479,50,122,0.41,61,74,0.824,73,170,0.429,42,39,123,0.317,18,17.2,44.9,49.4,9,10,23,48,0.479,50,122,0.41,61,74,0.824,73,170,0.429,42,39,123,0.317,1.44,2.63,1.18,2.13,109.9,17.2
0.524404424,0.478538692,FALSE,20,79,1943,4,1,346,27,58.3,64.7,23,23,109,151,0.722,106,211,0.502,211,258,0.818,215,361,0.596,10.9,14,0.720535255,44,2.264539372,0.318,19,28,47.7,54.4,17,19,96,147,0.653,84,215,0.391,162,212,0.764,180,362,0.497,6.5,3,25,0.12,18,25,52.5,57,11,12,78,124,0.629,38,100,0.38,124,187,0.663,116,224,0.518,12.2,12,31,0.387,4.43,6.11,3.42,4.61,121.1,28
1.014031952,0.771025336,TRUE,21,76,2037,2.3,2.5,86,24,49.7,54,34,38,132,217,0.608,43,131,0.328,127,169,0.751,175,348,0.503,25.5,38,1.865488463,119,5.841924399,0.319,20,19.2,56.8,61.1,36,38,106,146,0.726,27,72,0.375,96,123,0.78,133,219,0.607,23.7,20,68,0.294,19,14.5,50.8,52.7,15,18,40,58,0.69,12,32,0.375,27,40,0.675,52,90,0.578,50.5,27,92,0.293,1.87,2.91,1.33,2.84,104.3,2.1
0.720968377,0.651300401,TRUE,18,80,1207,3.6,3.3,220,21.9,49.5,55.1,25,32,53,85,0.624,26,72,0.361,62,74,0.838,79,158,0.5,24,16,1.325600663,50,4.142502071,0.32,18,21.9,49.5,55.1,25,32,53,85,0.624,26,72,0.361,62,74,0.838,79,158,0.5,24,16,50,0.32,18,21.9,49.5,55.1,25,32,53,85,0.624,26,72,0.361,62,74,0.838,79,158,0.5,24,16,50,0.32,2.13,4.86,1.04,2.33,105.9,17.4
1.073322691,0.741698201,TRUE,21,81,1461,4.5,2.5,165,26.7,53.9,56.3,13,13,106,153,0.693,36,101,0.356,81,121,0.669,142,255,0.557,23.4,25,1.711156742,78,5.338809035,0.321,20,24.6,54.6,55.8,13,18,117,168,0.696,18,65,0.277,61,102,0.598,135,234,0.577,17.3,13,49,0.265,20,24.6,54.6,55.8,13,18,117,168,0.696,18,65,0.277,61,102,0.598,135,234,0.577,17.3,13,49,0.265,3.73,4.4,3.62,3.64,111.1,10.8
0.411759153,0.810885196,TRUE,20,74,1908,1.3,1,-81,29.7,53,58,24,29,137,227,0.604,24,66,0.364,155,206,0.752,161,293,0.549,29.2,39,2.044025157,121,6.341719078,0.322,19,22.7,50.6,55.8,19,20,89,157,0.567,12,47,0.255,131,194,0.675,100,203,0.493,25.4,25,69,0.362,18,23.8,50.8,55.5,11,13,86,152,0.566,6,22,0.273,85,117,0.726,92,174,0.529,30.1,23,75,0.307,3.16,3.19,2.63,3.39,100.4,-5.9
0,0.494328739,FALSE,20,81,1729,5,2.9,162,27.2,51.1,53.4,47,52,148,231,0.641,21,98,0.214,112,187,0.599,169,329,0.514,10.8,13,0.751879699,40,2.313475998,0.325,20,27.2,51.1,53.4,47,52,148,231,0.641,21,98,0.214,112,187,0.599,169,329,0.514,10.8,13,40,0.325,20,27.2,51.1,53.4,47,52,148,231,0.641,21,98,0.214,112,187,0.599,169,329,0.514,10.8,13,40,0.325,0.6,3.5,0.7,2.22,94.7,8.3
0.724486025,1.113019195,TRUE,19,76,1782,2.3,2.4,182,29.2,47.4,55.3,3,3,52,81,0.642,83,210,0.395,194,220,0.882,135,291,0.464,41.8,68,3.815937149,209,11.72839506,0.325,19,29.2,47.4,55.3,3,3,52,81,0.642,83,210,0.395,194,220,0.882,135,291,0.464,41.8,68,209,0.325,19,29.2,47.4,55.3,3,3,52,81,0.642,83,210,0.395,194,220,0.882,135,291,0.464,41.8,68,209,0.325,4.63,4.24,3.51,3.49,119.5,20.5
0.674231933,1.020272455,TRUE,19,81,952,5,3.8,129,25.8,49.7,53.5,14,21,39,72,0.542,12,30,0.4,51,72,0.708,51,102,0.5,47.2,30,3.151260504,91,9.558823529,0.33,19,25.8,49.7,53.5,14,21,39,72,0.542,12,30,0.4,51,72,0.708,51,102,0.5,47.2,30,91,0.33,19,25.8,49.7,53.5,14,21,39,72,0.542,12,30,0.4,51,72,0.708,51,102,0.5,47.2,30,91,0.33,1.61,4.68,0.39,2.3,110.6,24.5
0,0.125149064,FALSE,19,82,2124,4.1,1,117,28.2,56.1,60,56,61,159,220,0.723,55,161,0.342,199,297,0.67,215,383,0.561,0.8,1,0.047080979,3,0.141242938,0.333,19,28.2,56.1,60,56,61,159,220,0.723,55,161,0.342,199,297,0.67,215,383,0.561,0.8,1,3,0.333,19,28.2,56.1,60,56,61,159,220,0.723,55,161,0.342,199,297,0.67,215,383,0.561,0.8,1,3,0.333,3.72,5.4,3.11,4.57,107.6,4.4
0.435952291,1.016262617,TRUE,21,79,1836,2.5,2.7,265,27.4,51,54.4,22,26,94,150,0.627,70,167,0.419,104,138,0.754,164,318,0.516,35,57,3.104575163,171,9.31372549,0.333,20,27.3,48.3,52.1,11,11,111,175,0.634,53,151,0.351,110,154,0.714,165,327,0.505,25.9,32,114,0.281,20,27.3,48.3,52.1,11,11,111,175,0.634,53,151,0.351,110,154,0.714,165,327,0.505,25.9,32,114,0.281,3.98,5.39,2.94,3.74,112.3,12.3
0.909219445,1.224690334,TRUE,19,80,1974,2.1,3.6,381,23.6,45.9,49.9,7,11,41,80,0.512,24,85,0.282,88,114,0.772,65,165,0.394,61.8,89,4.508611955,267,13.52583587,0.333,19,23.6,45.9,49.9,7,11,41,80,0.512,24,85,0.282,88,114,0.772,65,165,0.394,61.8,89,267,0.333,19,23.6,45.9,49.9,7,11,41,80,0.512,24,85,0.282,88,114,0.772,65,165,0.394,61.8,89,267,0.333,2.05,4.93,1.02,2.95,115,31.5
0.951305629,0.942187692,TRUE,19,75,1666,1.7,1,41,32.5,49.8,56.7,5,8,103,182,0.566,49,124,0.395,196,252,0.778,152,307,0.495,29.9,44,2.641056423,131,7.863145258,0.336,19,32.5,49.8,56.7,5,8,103,182,0.566,49,124,0.395,196,252,0.778,152,307,0.495,29.9,44,131,0.336,19,32.5,49.8,56.7,5,8,103,182,0.566,49,124,0.395,196,252,0.778,152,307,0.495,29.9,44,131,0.336,3.46,4.05,3.43,3.81,108.4,15.5
0.57819616,0.85784545,TRUE,19,76,1605,2.3,2.3,503,25.3,55.9,59.4,9,10,97,152,0.638,21,49,0.429,86,114,0.754,119,203,0.586,33.9,35,2.180685358,104,6.479750779,0.337,19,25.3,55.9,59.4,9,10,97,152,0.638,21,49,0.429,86,114,0.754,119,203,0.586,33.9,35,104,0.337,19,25.3,55.9,59.4,9,10,97,152,0.638,21,49,0.429,86,114,0.754,119,203,0.586,33.9,35,104,0.337,4.85,7.58,4.49,6.32,127.4,41
0.429,0.673349752,FALSE,18,79,1789,4.2,1,438,28.2,70.8,70.2,72,79,247,313,0.789,25,51,0.49,130,203,0.64,272,364,0.747,16.3,24,1.341531582,71,3.968697596,0.338,18,28.2,70.8,70.2,72,79,247,313,0.789,25,51,0.49,130,203,0.64,272,364,0.747,16.3,24,71,0.338,18,28.2,70.8,70.2,72,79,247,313,0.789,25,51,0.49,130,203,0.64,272,364,0.747,16.3,24,71,0.338,5.26,8.88,4.18,6.31,118.6,36.9
0.242005992,0.767338103,TRUE,19,77,1494,2.7,3.6,226,21.3,47,49.8,19,23,78,124,0.629,30,112,0.268,77,126,0.611,108,236,0.458,24.6,26,1.740294511,77,5.15394913,0.338,19,21.3,47,49.8,19,23,78,124,0.629,30,112,0.268,77,126,0.611,108,236,0.458,24.6,26,77,0.338,19,21.3,47,49.8,19,23,78,124,0.629,30,112,0.268,77,126,0.611,108,236,0.458,24.6,26,77,0.338,2.96,5.4,1.89,3.05,116.2,28.7
0.711465249,0.819214573,TRUE,19,82,2213,3.6,2.5,449,27.2,52,55.7,41,44,127,188,0.676,74,195,0.379,137,188,0.729,201,383,0.525,25.3,44,1.988251243,130,5.874378671,0.338,19,27.2,52,55.7,41,44,127,188,0.676,74,195,0.379,137,188,0.729,201,383,0.525,25.3,44,130,0.338,19,27.2,52,55.7,41,44,127,188,0.676,74,195,0.379,137,188,0.729,201,383,0.525,25.3,44,130,0.338,4.15,6.97,3.89,5.53,119.9,30.7
0.906352691,0.942503078,TRUE,19,81,1643,3.5,2.7,122,25.2,46.9,51.5,16,20,38,68,0.559,55,141,0.39,87,114,0.763,93,209,0.445,37.8,43,2.617163725,127,7.729762629,0.339,19,25.2,46.9,51.5,16,20,38,68,0.559,55,141,0.39,87,114,0.763,93,209,0.445,37.8,43,127,0.339,19,25.2,46.9,51.5,16,20,38,68,0.559,55,141,0.39,87,114,0.763,93,209,0.445,37.8,43,127,0.339,0.7,2.93,0.41,1.6,101.5,13.4
0.063245553,0.56395635,FALSE,22,80,1499,4.5,1.9,160,27.9,52.7,57.7,46,50,93,118,0.788,69,188,0.367,113,144,0.785,162,306,0.529,11.8,14,0.933955971,41,2.735156771,0.341,21,24.4,55.8,60.4,52,58,80,100,0.8,47,116,0.405,94,123,0.764,127,217,0.585,13.9,9,35,0.257,20,19,55,59.4,33,34,73,85,0.859,39,116,0.336,80,107,0.748,112,201,0.557,11.8,9,27,0.333,2.37,4.37,1.45,1.97,104.9,8.6
0.459804306,0.877215263,TRUE,18,80,1904,3.2,3,279,25.1,49.9,56.3,36,40,92,132,0.697,54,161,0.335,176,227,0.775,146,296,0.493,29.9,43,2.258403361,126,6.617647059,0.341,18,25.1,49.9,56.3,36,40,92,132,0.697,54,161,0.335,176,227,0.775,146,296,0.493,29.9,43,126,0.341,18,25.1,49.9,56.3,36,40,92,132,0.697,54,161,0.335,176,227,0.775,146,296,0.493,29.9,43,126,0.341,4.34,7.15,3.83,5.5,113.3,13.7
0.976195114,1.007523372,TRUE,18,81,1913,3,3,177,23,51.1,55.7,18,20,65,99,0.657,75,174,0.431,127,164,0.774,140,274,0.511,37.9,57,2.979613173,167,8.729743858,0.341,18,23,51.1,55.7,18,20,65,99,0.657,75,174,0.431,127,164,0.774,140,274,0.511,37.9,57,167,0.341,18,23,51.1,55.7,18,20,65,99,0.657,75,174,0.431,127,164,0.774,140,274,0.511,37.9,57,167,0.341,2.28,3.91,2.14,3.17,112.9,22.4
0.970453502,0.906592074,TRUE,18,80,1665,3.6,2.8,198,25.4,50.7,56.6,18,21,79,126,0.627,46,122,0.377,118,139,0.849,125,248,0.504,32.1,40,2.402402402,117,7.027027027,0.342,18,25.4,50.7,56.6,18,21,79,126,0.627,46,122,0.377,118,139,0.849,125,248,0.504,32.1,40,117,0.342,18,25.4,50.7,56.6,18,21,79,126,0.627,46,122,0.377,118,139,0.849,125,248,0.504,32.1,40,117,0.342,3.82,5.53,3.43,5.69,115.6,11.5
0,0.459526791,FALSE,19,85,1950,5,2.1,235,26.2,62.5,65,87,89,185,229,0.808,79,187,0.422,140,191,0.733,264,416,0.635,7.8,12,0.615384615,35,1.794871795,0.343,19,26.2,62.5,65,87,89,185,229,0.808,79,187,0.422,140,191,0.733,264,416,0.635,7.8,12,35,0.343,19,26.2,62.5,65,87,89,185,229,0.808,79,187,0.422,140,191,0.733,264,416,0.635,7.8,12,35,0.343,5.04,6.24,4.48,5.84,120.9,23
0.822621663,0.89562954,TRUE,19,81,1496,3,2.7,337,19.4,54.4,58.6,11,11,63,93,0.677,26,65,0.4,66,79,0.835,89,158,0.563,39.2,35,2.339572193,102,6.818181818,0.343,18,18.6,53.4,56.6,8,8,65,97,0.67,7,21,0.333,45,54,0.833,72,118,0.61,52.8,41,132,0.311,18,18.6,53.4,56.6,8,8,65,97,0.67,7,21,0.333,45,54,0.833,72,118,0.61,52.8,41,132,0.311,3.7,7.91,3.34,6.1,117.7,34.1
0.490479765,0.940834082,TRUE,20,69,2139,1,1,415,24.1,49.7,56.7,0,0,47,82,0.573,90,200,0.45,167,195,0.856,137,282,0.486,36.2,55,2.571294998,160,7.480130902,0.344,19,14.7,50.6,55.1,0,0,7,18,0.389,27,70,0.386,42,52,0.808,34,88,0.386,46.7,33,77,0.429,19,14.7,50.6,55.1,0,0,7,18,0.389,27,70,0.386,42,52,0.808,34,88,0.386,46.7,33,77,0.429,5.97,7.82,5.02,5.43,115.5,18.6
0.599918661,0.886015209,TRUE,19,81,1586,5,2.4,112,27,51.3,57,26,27,101,178,0.567,23,65,0.354,127,162,0.784,124,243,0.51,30,36,2.269861286,104,6.557377049,0.346,19,27,51.3,57,26,27,101,178,0.567,23,65,0.354,127,162,0.784,124,243,0.51,30,36,104,0.346,19,27,51.3,57,26,27,101,178,0.567,23,65,0.354,127,162,0.784,124,243,0.51,30,36,104,0.346,2.43,4.13,1.5,2.53,107.8,14.6
0.719395302,1.047281854,TRUE,22,78,1670,3,2.5,66,24.9,51.7,54.2,15,17,64,99,0.646,42,107,0.393,56,73,0.767,106,206,0.515,42.6,53,3.173652695,153,9.161676647,0.346,21,20.6,46.5,49,16,17,42,59,0.712,18,74,0.243,43,60,0.717,60,133,0.451,55.7,53,167,0.317,20,17.3,50.8,53,4,4,20,47,0.426,15,55,0.273,26,30,0.867,35,102,0.343,59.5,62,150,0.413,3.32,4.54,2.74,4.2,111.8,15.6
0.713187773,0.829089124,TRUE,19,82,1568,4.8,3,217,20,56.8,61.4,34,39,73,107,0.682,26,60,0.433,92,118,0.78,99,167,0.593,34.8,31,1.977040816,89,5.676020408,0.348,19,20,56.8,61.4,34,39,73,107,0.682,26,60,0.433,92,118,0.78,99,167,0.593,34.8,31,89,0.348,19,20,56.8,61.4,34,39,73,107,0.682,26,60,0.433,92,118,0.78,99,167,0.593,34.8,31,89,0.348,3.27,5.96,2.42,4.69,112.4,12.4
0.552055523,1.069777668,TRUE,22,80,2127,3.5,2.5,182,23.8,52.8,57,34,36,84,121,0.694,41,113,0.363,135,181,0.746,125,235,0.532,46.1,70,3.291020216,201,9.449929478,0.348,21,17.6,60,63.7,46,49,87,124,0.702,21,46,0.457,78,96,0.813,108,169,0.639,37.4,36,101,0.356,20,18.1,56.2,58.3,35,37,66,94,0.702,15,34,0.441,41,59,0.695,81,127,0.638,34.9,19,68,0.279,3.02,4.06,1.82,2.37,113.6,18.2
0.865768676,1.189419804,TRUE,19,75,1207,2,1.3,51,29,45.1,50.1,3,3,37,69,0.536,45,135,0.333,96,128,0.75,82,204,0.402,40.9,49,4.05965203,141,11.68185584,0.348,19,29,45.1,50.1,3,3,37,69,0.536,45,135,0.333,96,128,0.75,82,204,0.402,40.9,49,141,0.348,19,29,45.1,50.1,3,3,37,69,0.536,45,135,0.333,96,128,0.75,82,204,0.402,40.9,49,141,0.348,2.12,3.86,0.32,1.6,106.8,13.5
0.799283554,0.665410463,FALSE,18,81,1660,4.2,2.6,122,23.7,56.2,58.6,52,65,102,145,0.703,56,133,0.421,89,130,0.685,159,279,0.57,17.7,21,1.265060241,60,3.614457831,0.35,18,23.7,56.2,58.6,52,65,102,145,0.703,56,133,0.421,89,130,0.685,159,279,0.57,17.7,21,60,0.35,18,23.7,56.2,58.6,52,65,102,145,0.703,56,133,0.421,89,130,0.685,159,279,0.57,17.7,21,60,0.35,1.35,2.63,1.3,2.33,106.4,5.8
0.460086948,0.951577006,TRUE,21,79,1664,2.8,1,187,33,52.5,57.3,26,29,115,165,0.697,41,132,0.311,158,216,0.731,156,297,0.525,29.3,43,2.584134615,123,7.391826923,0.35,20,28.4,51.5,54.6,14,15,108,170,0.635,66,171,0.386,114,170,0.671,174,341,0.51,16.4,24,67,0.358,19,18.8,47.1,51.4,12,13,53,81,0.654,10,49,0.204,45,68,0.662,63,130,0.485,7.1,2,10,0.2,2.27,4.25,1.98,3.26,109.1,18.2
0.639412543,0.646724325,FALSE,22,80,1679,3.1,2.1,276,24.3,48.1,52.9,22,25,99,186,0.532,10,47,0.213,93,130,0.715,109,232,0.47,19.7,20,1.191185229,57,3.394877904,0.351,21,17.6,48.7,52.9,13,17,66,112,0.589,7,27,0.259,65,104,0.625,73,139,0.525,9.2,1,14,0.071,20,21.9,43.9,45.6,15,17,54,94,0.574,19,72,0.264,52,105,0.495,73,166,0.44,11.2,6,21,0.286,2.44,6.05,1.99,4.15,112.3,27.4
0.780954224,1.057774463,TRUE,20,79,1949,1.9,1.7,68,20.3,54.6,57.9,13,14,69,104,0.663,23,59,0.39,80,104,0.769,92,163,0.564,51.9,62,3.181118522,176,9.030271934,0.352,19,19.3,51.8,53.8,2,2,32,57,0.561,15,48,0.313,37,52,0.712,47,105,0.448,59,57,151,0.377,19,19.3,51.8,53.8,2,2,32,57,0.561,15,48,0.313,37,52,0.712,47,105,0.448,59,57,151,0.377,1.66,2.89,1.81,3,102.9,3.2
0.547389441,1.256864081,TRUE,19,76,1804,2,2.6,267,25.3,51.8,56.1,22,22,65,104,0.625,49,122,0.402,115,142,0.81,114,225,0.507,50.5,81,4.490022173,230,12.74944568,0.352,18,20.4,56.4,58.8,12,16,57,93,0.613,27,76,0.355,65,89,0.73,84,169,0.497,47.5,65,153,0.425,18,20.4,56.4,58.8,12,16,57,93,0.613,27,76,0.355,65,89,0.73,84,169,0.497,47.5,65,153,0.425,4.39,7,4.46,6.04,117.2,28
1.163362712,1.262935981,TRUE,18,77,1810,1.6,1.7,324,26.1,51.6,55.6,5,6,66,99,0.667,40,112,0.357,104,130,0.8,106,211,0.502,52.5,82,4.53038674,233,12.87292818,0.352,18,26.1,51.6,55.6,5,6,66,99,0.667,40,112,0.357,104,130,0.8,106,211,0.502,52.5,82,233,0.352,18,26.1,51.6,55.6,5,6,66,99,0.667,40,112,0.357,104,130,0.8,106,211,0.502,52.5,82,233,0.352,3.05,5.36,2.82,4,118.1,31.8
1.101725919,1.232304583,TRUE,20,75,1865,1.9,2.3,328,23.3,49.8,53.4,9,13,64,116,0.552,37,101,0.366,87,108,0.806,101,218,0.463,50.9,80,4.289544236,226,12.11796247,0.354,19,20.8,48.9,52.8,14,16,38,53,0.717,28,65,0.431,43,57,0.754,66,118,0.559,37.9,18,72,0.25,19,20.8,48.9,52.8,14,16,38,53,0.717,28,65,0.431,43,57,0.754,66,118,0.559,37.9,18,72,0.25,4.04,7.65,3.03,5.47,110.3,16.3
1.205272417,1.040565746,TRUE,19,77,1967,2.1,2.3,348,20,53.6,58,4,5,56,84,0.667,70,150,0.467,87,93,0.935,126,234,0.538,41.9,60,3.050330452,169,8.591764108,0.355,19,20,53.6,58,4,5,56,84,0.667,70,150,0.467,87,93,0.935,126,234,0.538,41.9,60,169,0.355,19,20,53.6,58,4,5,56,84,0.667,70,150,0.467,87,93,0.935,126,234,0.538,41.9,60,169,0.355,2.97,5.01,2.28,3.68,116.4,29.6
0.961964864,1.073255814,TRUE,19,80,1849,2.6,4,99,17,48.9,53,2,2,38,69,0.551,11,46,0.239,65,83,0.783,49,115,0.426,59.5,60,3.244997296,169,9.140075717,0.355,19,17,48.9,53,2,2,38,69,0.551,11,46,0.239,65,83,0.783,49,115,0.426,59.5,60,169,0.355,19,17,48.9,53,2,2,38,69,0.551,11,46,0.239,65,83,0.783,49,115,0.426,59.5,60,169,0.355,2.47,3.13,1.69,2.79,108.5,3.7
0.477144737,0.547296641,FALSE,18,80,1904,4.1,3.4,418,23.2,51.6,50.3,54,56,137,198,0.692,36,140,0.257,76,180,0.422,173,337,0.513,11.8,16,0.840336134,45,2.363445378,0.356,18,23.2,51.6,50.3,54,56,137,198,0.692,36,140,0.257,76,180,0.422,173,337,0.513,11.8,16,45,0.356,18,23.2,51.6,50.3,54,56,137,198,0.692,36,140,0.257,76,180,0.422,173,337,0.513,11.8,16,45,0.356,2.79,6.38,2.78,4.5,110.6,21.8
0.703275764,0.30580392,FALSE,19,83,1908,5,1.9,312,26,61.2,65.1,22,24,157,214,0.734,67,149,0.45,149,194,0.768,224,364,0.615,3.7,5,0.262054507,14,0.733752621,0.357,18,21.9,65.6,66.4,14,15,109,149,0.732,25,55,0.455,76,115,0.661,137,209,0.656,0,0,0,0,18,21.9,65.6,66.4,14,15,109,149,0.732,25,55,0.455,76,115,0.661,137,209,0.656,0,0,0,0,3.73,5.71,3.5,4.54,115.7,23.4
0.485232728,0.82520352,TRUE,23,79,1788,1.6,1.9,264,18.4,56.4,59.6,14,15,73,102,0.716,44,101,0.436,74,97,0.763,117,203,0.576,31.9,34,1.901565996,95,5.313199105,0.358,22,21.5,53.7,56.9,22,23,119,157,0.758,60,167,0.359,103,147,0.701,179,324,0.552,13.6,15,51,0.294,20,15.3,47.6,50,4,4,42,67,0.627,33,93,0.355,40,67,0.597,75,160,0.469,4.2,3,7,0.429,2.39,4.24,2.22,3.04,109.2,19.2
0.262202212,0.876091216,TRUE,18,80,1770,5,2.9,268,31.6,51.1,55.8,61,66,124,199,0.623,74,193,0.383,160,214,0.748,198,393,0.504,21.2,38,2.146892655,106,5.988700565,0.358,18,31.6,51.1,55.8,61,66,124,199,0.623,74,193,0.383,160,214,0.748,198,393,0.504,21.2,38,106,0.358,18,31.6,51.1,55.8,61,66,124,199,0.623,74,193,0.383,160,214,0.748,198,393,0.504,21.2,38,106,0.358,4,5.86,4.29,5.63,115.9,12.5
0.75443966,0.976066489,TRUE,19,79,1278,3.6,3,137,22,51.2,55.5,17,22,48,77,0.623,28,75,0.373,79,110,0.718,76,153,0.497,38.3,34,2.660406886,95,7.433489828,0.358,19,22,51.2,55.5,17,22,48,77,0.623,28,75,0.373,79,110,0.718,76,153,0.497,38.3,34,95,0.358,19,22,51.2,55.5,17,22,48,77,0.623,28,75,0.373,79,110,0.718,76,153,0.497,38.3,34,95,0.358,1.9,4.34,2.02,4.21,105,9.6
1.0797985,1.008847333,TRUE,18,78,2040,3.2,2.9,306,21.6,50.3,56.8,10,11,62,110,0.564,45,114,0.395,151,186,0.812,107,224,0.478,42,58,2.843137255,162,7.941176471,0.358,18,21.6,50.3,56.8,10,11,62,110,0.564,45,114,0.395,151,186,0.812,107,224,0.478,42,58,162,0.358,18,21.6,50.3,56.8,10,11,62,110,0.564,45,114,0.395,151,186,0.812,107,224,0.478,42,58,162,0.358,3.27,4.8,2.52,3.07,108.3,13.4
0.933060877,1.097680806,TRUE,19,76,1904,2.6,2.2,321,27.7,53.4,58,28,31,110,162,0.679,29,100,0.29,154,207,0.744,139,261,0.533,40.7,64,3.361344538,179,9.401260504,0.358,18,25.5,45.5,49.7,7,9,52,83,0.627,12,43,0.279,53,73,0.726,64,126,0.508,43.5,25,97,0.258,18,25.5,45.5,49.7,7,9,52,83,0.627,12,43,0.279,53,73,0.726,64,126,0.508,43.5,25,97,0.258,5.34,6.15,4,5.29,123.6,27.7
0.74360628,0.830353438,TRUE,20,80,1458,4.4,1,267,30.8,55.9,61.5,47,48,137,213,0.643,25,74,0.338,151,188,0.803,162,287,0.564,21.4,28,1.920438957,78,5.349794239,0.359,19,24.4,49.3,50.8,17,22,52,89,0.584,8,26,0.308,27,47,0.574,60,116,0.517,20.5,8,30,0.267,19,24.4,49.3,50.8,17,22,52,89,0.584,8,26,0.308,27,47,0.574,60,116,0.517,20.5,8,30,0.267,2.74,6.52,3.07,4.96,103.7,16.7
1.061301701,0.959735679,TRUE,21,78,1791,1.8,1,59,25.3,51.9,56,8,8,49,71,0.69,89,200,0.445,99,124,0.798,138,271,0.509,32.1,46,2.568397543,128,7.146845338,0.359,20,16.3,53.1,56.8,13,15,53,86,0.616,48,102,0.471,67,85,0.788,101,188,0.537,34.3,34,98,0.347,19,16,49.1,52.6,5,6,42,68,0.618,48,101,0.475,54,78,0.692,90,169,0.533,19.9,9,42,0.214,2.26,4,1.61,3.19,103.6,1.2
0.901744254,0.987284281,TRUE,19,75,2023,1,1,-25,28.2,52,56.3,22,22,103,161,0.64,33,107,0.308,143,200,0.715,136,267,0.509,36.4,55,2.718734553,153,7.56302521,0.359,19,28.2,52,56.3,22,22,103,161,0.64,33,107,0.308,143,200,0.715,136,267,0.509,36.4,55,153,0.359,19,28.2,52,56.3,22,22,103,161,0.64,33,107,0.308,143,200,0.715,136,267,0.509,36.4,55,153,0.359,3.72,4.42,3.46,5.08,106.3,-3.6
0.559016994,1.171132042,TRUE,22,79,1729,4.6,2.4,291,27.5,54.4,57.7,17,18,92,137,0.672,89,194,0.459,112,141,0.794,181,331,0.547,35.7,66,3.817235396,184,10.64198959,0.359,20,18.7,51.1,54.9,14,15,66,92,0.717,39,108,0.361,70,89,0.787,105,200,0.525,35.7,36,111,0.324,20,18.7,51.1,54.9,14,15,66,92,0.717,39,108,0.361,70,89,0.787,105,200,0.525,35.7,36,111,0.324,3.5,6.53,3.79,5.38,116,27.7
0.731695018,1.072329789,TRUE,21,80,1666,3.4,2.7,120,27.2,49.3,53.7,14,15,78,123,0.634,52,156,0.333,110,143,0.769,130,278,0.468,34.6,53,3.181272509,147,8.823529412,0.361,20,26.1,55.8,57.3,15,18,71,106,0.67,30,86,0.349,63,98,0.643,103,196,0.526,42.9,59,147,0.401,20,26.1,55.8,57.3,15,18,71,106,0.67,30,86,0.349,63,98,0.643,103,196,0.526,42.9,59,147,0.401,3.61,4.41,3.64,4.82,111.2,5.7
0.966584916,1.443205793,TRUE,19,74,2046,1,1,110,38.4,51.9,58.6,0,0,105,201,0.522,38,89,0.427,236,274,0.861,143,290,0.493,53,118,5.767350929,327,15.98240469,0.361,19,38.4,51.9,58.6,0,0,105,201,0.522,38,89,0.427,236,274,0.861,143,290,0.493,53,118,327,0.361,19,38.4,51.9,58.6,0,0,105,201,0.522,38,89,0.427,236,274,0.861,143,290,0.493,53,118,327,0.361,6.25,6.74,6.62,7.76,115.2,18.2
0.842430769,1.000598055,TRUE,18,75,2038,1.4,1.1,138,24.7,52,55.9,6,6,117,203,0.576,33,93,0.355,105,131,0.802,150,296,0.507,34.2,56,2.747791953,154,7.55642787,0.364,17,22,50.7,54.8,2,2,73,128,0.57,30,84,0.357,90,115,0.783,103,212,0.486,41.6,54,151,0.358,17,22,50.7,54.8,2,2,73,128,0.57,30,84,0.357,90,115,0.783,103,212,0.486,41.6,54,151,0.358,3,4.08,1.71,2.89,105.8,6.2
0.61172502,1.246010958,TRUE,20,76,1905,1.6,1,301,31.1,45.8,51.1,0,1,47,96,0.49,66,193,0.342,149,196,0.76,113,290,0.39,43.4,81,4.251968504,222,11.65354331,0.365,19,29.2,44,47.7,0,0,23,58,0.397,32,86,0.372,47,63,0.746,55,144,0.382,41.9,36,104,0.346,19,29.2,44,47.7,0,0,23,58,0.397,32,86,0.372,47,63,0.746,55,144,0.382,41.9,36,104,0.346,3.45,6.34,2.35,3.89,107.4,12.7
0.775926865,1.250074297,TRUE,19,79,1663,3.2,2.8,264,25,53.6,57.3,30,35,84,128,0.656,54,137,0.394,93,110,0.845,138,262,0.527,42.5,71,4.269392664,194,11.66566446,0.366,18,25.5,56.3,58,38,41,87,125,0.696,34,94,0.362,63,92,0.685,121,220,0.55,39.6,56,144,0.389,18,25.5,56.3,58,38,41,87,125,0.696,34,94,0.362,63,92,0.685,121,220,0.55,39.6,56,144,0.389,4.77,7.02,4.7,6.19,117.5,26.2
0.67,1.026377996,TRUE,19,75,1954,1,1,385,36,54.7,60.8,28,31,160,264,0.606,34,92,0.37,211,259,0.815,194,356,0.545,29.9,56,2.86591607,152,7.778915046,0.368,18,22.9,50,56.3,15,15,89,147,0.605,12,43,0.279,107,134,0.799,103,196,0.526,29.5,24,82,0.293,18,22.9,50,56.3,15,15,89,147,0.605,12,43,0.279,107,134,0.799,103,196,0.526,29.5,24,82,0.293,6.08,7.71,6.14,7.21,112.9,19.9
0.766913815,1.291881475,TRUE,21,80,2272,2.5,2.3,420,23.9,53,55.5,13,13,83,130,0.638,73,176,0.415,98,131,0.748,156,306,0.51,47.8,103,4.533450704,280,12.32394366,0.368,20,20.4,50.8,52.8,12,12,100,149,0.671,59,146,0.404,64,96,0.667,159,296,0.537,28.8,35,120,0.292,19,19.2,52,54.7,6,7,72,100,0.72,57,137,0.416,66,93,0.71,129,237,0.544,28,28,92,0.304,5.44,6.89,4.06,4.74,117.2,17.8
0.952239886,1.297851995,TRUE,21,73,1616,1.5,1,369,27.1,53.2,58.3,1,1,60,88,0.682,47,121,0.388,118,138,0.855,107,209,0.512,49,74,4.579207921,201,12.43811881,0.368,19,25.3,51.1,55.4,0,0,45,73,0.616,40,96,0.417,88,104,0.846,85,164,0.518,58.2,77,228,0.338,18,18,50,52,0,0,20,40,0.5,22,66,0.333,32,44,0.727,42,106,0.396,57.9,56,146,0.384,4.59,6.57,4.2,5.21,112,25.4
0.882275467,1.171506364,TRUE,19,77,2014,2,2.6,393,20,53.8,57.3,7,7,63,89,0.708,23,77,0.299,75,90,0.833,86,166,0.518,55,75,3.723932473,203,10.07944389,0.369,19,20,53.8,57.3,7,7,63,89,0.708,23,77,0.299,75,90,0.833,86,166,0.518,55,75,203,0.369,19,20,53.8,57.3,7,7,63,89,0.708,23,77,0.299,75,90,0.833,86,166,0.518,55,75,203,0.369,2.76,4.89,1.28,1.89,113.8,30
0.758234067,0.953543804,TRUE,18,78,1756,3.3,3,484,26,50.1,55.1,16,16,64,119,0.538,67,155,0.432,132,178,0.742,131,274,0.478,29.7,43,2.448747153,116,6.605922551,0.371,18,26,50.1,55.1,16,16,64,119,0.538,67,155,0.432,132,178,0.742,131,274,0.478,29.7,43,116,0.371,18,26,50.1,55.1,16,16,64,119,0.538,67,155,0.432,132,178,0.742,131,274,0.478,29.7,43,116,0.371,3.67,6.62,3.09,4.73,115,27
0.881452892,1.007073405,TRUE,22,78,1900,3.3,3.5,133,20.7,55.5,58.4,26,27,76,110,0.691,33,87,0.379,78,106,0.736,109,197,0.553,41.5,52,2.736842105,140,7.368421053,0.371,22,20.7,55.5,58.4,26,27,76,110,0.691,33,87,0.379,78,106,0.736,109,197,0.553,41.5,52,140,0.371,22,20.7,55.5,58.4,26,27,76,110,0.691,33,87,0.379,78,106,0.736,109,197,0.553,41.5,52,140,0.371,1.47,1.97,2.45,3.7,112.5,6.3
1.339779982,1.442119852,TRUE,20,75,1231,2.4,1.3,164,28.7,54.9,59.6,4,4,66,101,0.653,17,53,0.321,94,109,0.862,83,154,0.539,54.7,69,5.605199025,186,15.10966694,0.371,19,21,56.9,57.5,1,1,30,55,0.545,7,31,0.226,16,24,0.667,37,86,0.43,62.8,63,145,0.434,19,21,56.9,57.5,1,1,30,55,0.545,7,31,0.226,16,24,0.667,37,86,0.43,62.8,63,145,0.434,2.33,4.86,1.27,2.19,101.8,12.9
0.481916175,0.910807261,TRUE,21,76,1885,1.3,1,148,29.3,49.9,54.1,27,29,99,157,0.631,42,138,0.304,132,190,0.695,142,298,0.477,27.5,42,2.228116711,113,5.99469496,0.372,20,30,50.9,54.6,17,18,97,167,0.581,61,146,0.418,118,172,0.686,158,313,0.505,19.7,27,77,0.351,20,30,50.9,54.6,17,18,97,167,0.581,61,146,0.418,118,172,0.686,158,313,0.505,19.7,27,77,0.351,3.69,6.89,2.79,5.2,105.8,6.5
0.829802025,1.181143896,TRUE,19,78,2212,2.8,2.9,476,23.5,53.7,57.7,38,42,111,174,0.638,24,86,0.279,136,178,0.764,135,260,0.519,46.2,83,3.752260398,223,10.08137432,0.372,18,18.7,57.2,62.5,13,14,39,56,0.696,11,40,0.275,66,78,0.846,50,96,0.521,48.7,38,91,0.418,18,18.7,57.2,62.5,13,14,39,56,0.696,11,40,0.275,66,78,0.846,50,96,0.521,48.7,38,91,0.418,4.46,5.71,4.35,4.91,118.2,29.8
0.910664812,1.306197815,TRUE,20,74,1794,1.1,1,376,31.3,52.9,56.7,3,3,53,87,0.609,96,208,0.462,126,161,0.783,149,294,0.507,42.8,82,4.570791527,220,12.26309922,0.373,19,29.6,48.2,53.1,1,1,59,113,0.522,53,134,0.396,119,149,0.799,112,247,0.453,45.5,71,206,0.345,19,29.6,48.2,53.1,1,1,59,113,0.522,53,134,0.396,119,149,0.799,112,247,0.453,45.5,71,206,0.345,5.24,6.89,5.39,6.13,116.6,20
1.115816472,1.06541981,TRUE,20,77,1910,1.7,1.5,335,26.4,54.6,58.6,12,12,91,150,0.607,41,96,0.427,112,144,0.778,132,246,0.537,38.7,58,3.036649215,155,8.115183246,0.374,19,21,55.4,57.5,4,4,61,103,0.592,5,25,0.2,46,63,0.73,66,128,0.516,53.6,58,148,0.392,19,21,55.4,57.5,4,4,61,103,0.592,5,25,0.2,46,63,0.73,66,128,0.516,53.6,58,148,0.392,3.11,5.4,1.78,3.31,116.8,26.6
0.723370237,1.111873975,TRUE,18,77,1456,2.4,3.6,159,19,52.4,54.5,21,25,51,90,0.567,28,68,0.412,47,68,0.691,79,160,0.494,44.4,48,3.296703297,128,8.791208791,0.375,18,19,52.4,54.5,21,25,51,90,0.567,28,68,0.412,47,68,0.691,79,160,0.494,44.4,48,128,0.375,18,19,52.4,54.5,21,25,51,90,0.567,28,68,0.412,47,68,0.691,79,160,0.494,44.4,48,128,0.375,2.23,2.79,2.41,2.95,111.6,8.3
0.290714981,0.810127054,TRUE,22,79,1831,3.2,1.9,85,22.6,53.2,58.5,12,17,88,134,0.657,31,93,0.333,122,159,0.767,119,229,0.52,27.1,32,1.747678864,85,4.642271983,0.376,21,22.2,48.8,53.7,12,12,111,176,0.631,23,87,0.264,108,156,0.692,134,263,0.51,10.2,6,30,0.2,20,18.5,42.3,46.3,7,9,41,79,0.519,16,58,0.276,47,79,0.595,57,137,0.416,12.2,6,19,0.316,2.42,3.98,2.57,3.78,105.7,3.8
0.512606672,0.893204116,TRUE,20,73,1648,1,1,195,33.3,47.5,53.3,0,0,93,191,0.487,76,182,0.418,145,180,0.806,169,373,0.453,20,35,2.123786408,93,5.643203883,0.376,19,26.5,51.7,57.5,0,0,52,93,0.559,26,73,0.356,70,84,0.833,78,166,0.47,19.4,19,40,0.475,19,26.5,51.7,57.5,0,0,52,93,0.559,26,73,0.356,70,84,0.833,78,166,0.47,19.4,19,40,0.475,8.32,9.25,6.7,8.1,120.4,10.4
0.683212412,1.352944379,TRUE,22,80,1313,4.1,2.2,343,26.4,57.3,62.9,19,20,76,101,0.752,41,101,0.406,144,171,0.842,117,202,0.579,45.7,64,4.874333587,170,12.94744859,0.376,21,26.8,51.4,56.5,21,26,95,133,0.714,42,122,0.344,129,163,0.791,137,256,0.535,36.6,47,148,0.318,21,26.8,51.4,56.5,21,26,95,133,0.714,42,122,0.344,129,163,0.791,137,256,0.535,36.6,47,148,0.318,4.5,7.07,2.92,3.64,117.2,28.7
0.162891068,0.572145384,FALSE,23,81,1615,4.9,3.2,117,23.6,51.4,55,67,79,100,138,0.725,59,176,0.335,128,198,0.646,159,313,0.508,10.6,14,0.866873065,37,2.291021672,0.378,22,19,61.8,64.4,79,87,119,150,0.793,65,146,0.445,105,146,0.719,184,297,0.62,2.6,3,8,0.375,22,19,61.8,64.4,79,87,119,150,0.793,65,146,0.445,105,146,0.719,184,297,0.62,2.6,3,8,0.375,3.09,5.02,2.97,4.39,111.4,4.8
0.605471469,0.835315205,TRUE,19,80,1843,3.5,2.5,312,27.3,55.2,56,57,67,131,190,0.689,55,149,0.369,98,173,0.566,186,339,0.549,21,34,1.844818231,90,4.883342377,0.378,19,27.3,55.2,56,57,67,131,190,0.689,55,149,0.369,98,173,0.566,186,339,0.549,21,34,90,0.378,19,27.3,55.2,56,57,67,131,190,0.689,55,149,0.369,98,173,0.566,186,339,0.549,21,34,90,0.378,4.32,6.92,3.97,6.2,115.7,15.6
0.654720398,0.916821046,TRUE,18,73,2119,1,1.7,480,19.9,48.9,57.5,0,0,51,87,0.586,37,113,0.327,144,162,0.889,88,200,0.44,38.3,47,2.218027371,124,5.851816895,0.379,18,19.9,48.9,57.5,0,0,51,87,0.586,37,113,0.327,144,162,0.889,88,200,0.44,38.3,47,124,0.379,18,19.9,48.9,57.5,0,0,51,87,0.586,37,113,0.327,144,162,0.889,88,200,0.44,38.3,47,124,0.379,5.22,7.14,4.36,5.79,119.8,21.5
0.545137781,1.022535852,TRUE,22,75,1992,2.8,2.1,288,22.5,54.1,59.1,28,31,82,119,0.689,53,138,0.384,149,194,0.768,135,257,0.525,36.1,55,2.761044177,145,7.279116466,0.379,21,22.5,50.3,54.9,25,26,59,99,0.596,59,148,0.399,114,150,0.76,117,245,0.478,36.9,52,143,0.364,20,21.9,45.7,51.2,23,26,58,92,0.63,30,102,0.294,87,118,0.737,88,194,0.454,26.8,22,71,0.31,3.4,5.18,3.26,4.36,111.5,13.3
0.677688645,0.995528782,TRUE,19,76,1457,2.9,1.6,-61,26.8,47.5,55,16,17,68,127,0.535,27,93,0.29,133,162,0.821,95,220,0.432,31.3,38,2.608098833,100,6.863417982,0.38,18,26.6,48.1,54.5,24,28,108,215,0.502,54,134,0.403,177,237,0.747,163,350,0.466,16.7,26,70,0.371,18,26.6,48.1,54.5,24,28,108,215,0.502,54,134,0.403,177,237,0.747,163,350,0.466,16.7,26,70,0.371,2.25,3.36,1.64,2.81,105.8,8.5
0.800558055,1.137377338,TRUE,18,78,1268,3.1,3.7,123,16.9,54.1,56.5,3,3,37,63,0.587,4,19,0.211,33,44,0.75,41,82,0.5,57.9,43,3.391167192,113,8.911671924,0.381,18,16.9,54.1,56.5,3,3,37,63,0.587,4,19,0.211,33,44,0.75,41,82,0.5,57.9,43,113,0.381,18,16.9,54.1,56.5,3,3,37,63,0.587,4,19,0.211,33,44,0.75,41,82,0.5,57.9,43,113,0.381,1.12,2.38,1.32,1.93,108.5,20.3
0.647277375,0.926018533,TRUE,20,78,1608,1,1.9,289,21.8,44.6,53.1,5,5,35,58,0.603,30,115,0.261,126,159,0.792,65,173,0.376,35.2,36,2.23880597,94,5.845771144,0.383,19,21.8,41.7,50.6,0,1,46,95,0.484,42,142,0.296,159,208,0.764,88,236,0.373,28.5,33,94,0.351,19,21.8,41.7,50.6,0,1,46,95,0.484,42,142,0.296,159,208,0.764,88,236,0.373,28.5,33,94,0.351,3.26,5.95,3.2,4.34,106.3,15.5
0.85732141,1.016268853,TRUE,22,77,1889,1.2,2.4,530,19.6,53.4,56.4,2,3,47,77,0.61,42,100,0.42,48,55,0.873,89,177,0.503,42.9,51,2.699841186,133,7.040762308,0.383,21,15.3,55.1,57.7,3,3,45,63,0.714,32,65,0.492,43,57,0.754,77,128,0.602,43.6,32,99,0.323,20,22,49.5,52.8,0,1,51,79,0.646,47,112,0.42,55,71,0.775,98,191,0.513,35.3,32,104,0.308,4.41,6.44,4.11,4.98,121.6,36.1
0.913717845,1.049345034,TRUE,20,80,1532,4.3,2.6,68,22.2,55.2,60.1,11,11,49,74,0.662,56,121,0.463,86,97,0.887,105,195,0.538,37.1,44,2.872062663,115,7.506527415,0.383,19,18.8,57.4,60.7,21,24,76,125,0.608,23,59,0.39,86,114,0.754,99,184,0.538,40.8,53,127,0.417,18,17.1,54.2,56.2,10,13,49,74,0.662,21,59,0.356,44,62,0.71,70,133,0.526,49.8,49,132,0.371,2.51,3.53,1.64,2.18,107.7,11.3
0.802413547,1.295695577,TRUE,18,78,1232,3.1,1.9,112,28.8,52.1,54.7,3,4,48,87,0.552,42,100,0.42,68,98,0.694,90,187,0.481,43,54,4.383116883,141,11.44480519,0.383,18,28.8,52.1,54.7,3,4,48,87,0.552,42,100,0.42,68,98,0.694,90,187,0.481,43,54,141,0.383,18,28.8,52.1,54.7,3,4,48,87,0.552,42,100,0.42,68,98,0.694,90,187,0.481,43,54,141,0.383,1.76,3.19,0.93,1.18,104.1,8
0.855330989,1.10661924,TRUE,20,79,879,2.2,1.4,76,26,47.8,52.4,4,5,28,42,0.667,30,95,0.316,49,60,0.817,58,136,0.426,34.9,28,3.185437998,73,8.304891923,0.384,19,21.4,52,55.8,11,11,57,83,0.687,46,141,0.326,92,120,0.767,103,224,0.46,39.6,60,147,0.408,19,21.4,52,55.8,11,11,57,83,0.687,46,141,0.326,92,120,0.767,103,224,0.46,39.6,60,147,0.408,1.77,4.26,1,2.51,100.3,5
0.779690195,0.84256279,TRUE,21,77,1742,2.3,1.4,320,29.4,52.6,56.6,10,10,113,173,0.653,65,175,0.371,112,143,0.783,178,347,0.513,19.3,32,1.836969001,83,4.764638347,0.386,20,25.5,51.3,54.2,6,6,97,136,0.713,64,164,0.39,71,93,0.763,161,300,0.537,23.7,27,93,0.29,19,23.8,50.3,52.7,6,6,87,134,0.649,26,98,0.265,66,95,0.695,113,232,0.487,38,50,142,0.352,4.43,6.46,3.27,4.44,118.4,30.5
0.708,0.905250242,TRUE,20,78,2400,3.1,2.8,429,20.2,55.6,58.5,27,27,124,197,0.629,33,90,0.367,99,135,0.733,156,286,0.545,31.6,51,2.125,132,5.5,0.386,19,16.3,48.3,52.6,5,6,33,64,0.516,7,23,0.304,55,70,0.786,40,87,0.46,63,49,148,0.331,18,12.4,56.6,58.7,3,4,16,36,0.444,6,17,0.353,19,25,0.76,22,53,0.415,56.2,31,68,0.456,3.4,6.16,3.13,4.49,117.4,30.9
0.339882333,0.622929226,FALSE,21,75,1901,1.3,1.6,144,26.6,50.1,54.4,11,11,119,205,0.58,63,166,0.38,157,235,0.668,182,371,0.491,11.7,19,0.999473961,49,2.577590742,0.388,20,30.1,45.3,50.3,5,5,83,154,0.539,72,183,0.393,125,186,0.672,155,337,0.46,7.7,7,28,0.25,20,30.1,45.3,50.3,5,5,83,154,0.539,72,183,0.393,125,186,0.672,155,337,0.46,7.7,7,28,0.25,2.97,4.4,2.32,2.87,109.6,6.9
0.859496597,1.048899478,TRUE,20,80,1902,4.1,2.7,309,20.9,57.7,59.8,24,26,93,133,0.699,20,64,0.313,65,90,0.722,113,197,0.574,41.4,54,2.839116719,139,7.30809674,0.388,19,16.4,54.2,56.1,12,15,50,82,0.61,8,33,0.242,37,55,0.673,58,114,0.509,43.3,34,87,0.391,19,16.4,54.2,56.1,12,15,50,82,0.61,8,33,0.242,37,55,0.673,58,114,0.509,43.3,34,87,0.391,4.13,6.48,3.31,5.03,118.7,28.7
0.761933855,0.875812749,TRUE,21,81,1626,4.3,1.5,368,26.2,67.4,68.4,107,115,167,202,0.827,46,103,0.447,99,141,0.702,213,305,0.698,21.2,32,1.96801968,82,5.043050431,0.39,20,23.9,68.4,69.2,84,92,148,185,0.8,42,96,0.438,62,87,0.713,190,281,0.676,7,11,21,0.524,20,23.9,68.4,69.2,84,92,148,185,0.8,42,96,0.438,62,87,0.713,190,281,0.676,7,11,21,0.524,4.18,5.06,4.25,5.1,115.1,20.4
0.967449637,1.006018013,TRUE,19,85,1578,5,2.2,537,21.4,68,69.1,57,57,105,125,0.84,24,50,0.48,71,99,0.717,129,175,0.737,37.5,41,2.598225602,105,6.653992395,0.39,19,21.4,68,69.1,57,57,105,125,0.84,24,50,0.48,71,99,0.717,129,175,0.737,37.5,41,105,0.39,19,21.4,68,69.1,57,57,105,125,0.84,24,50,0.48,71,99,0.717,129,175,0.737,37.5,41,105,0.39,4.61,9.08,3.99,6.49,123.3,41.2
0.894292122,1.248207887,TRUE,23,77,1884,2.3,1.8,322,26.8,53.2,58.5,5,5,89,137,0.65,66,174,0.379,140,156,0.897,155,311,0.498,38.2,75,3.98089172,192,10.1910828,0.391,22,24.7,48.1,54.5,7,8,78,126,0.619,36,119,0.303,116,132,0.879,114,246,0.463,34.2,44,128,0.344,21,22.8,47.4,54.5,3,3,66,113,0.584,40,131,0.305,126,144,0.875,106,244,0.434,32.8,44,119,0.37,5.39,7.9,4.79,5.84,115,16.1
0.607894234,1.096368019,TRUE,22,77,1892,3.2,1,300,29.2,51,59,9,11,88,153,0.575,49,138,0.355,215,259,0.83,137,291,0.471,33.7,58,3.065539112,148,7.822410148,0.392,21,22.2,44.2,50.3,3,3,55,96,0.573,42,142,0.296,121,159,0.761,97,238,0.408,36,45,134,0.336,20,23.9,39.8,45.8,1,3,40,80,0.5,33,107,0.308,101,141,0.716,74,188,0.394,42.9,38,141,0.27,4.14,7.24,3.04,4.55,105.9,14.1
0.987837638,1.169579854,TRUE,22,74,2213,1.1,1,356,25.1,49.8,54.9,2,2,68,145,0.469,70,167,0.419,133,155,0.858,138,313,0.441,38.5,77,3.479439675,196,8.856755535,0.393,21,19.6,53.3,57.1,0,0,51,99,0.515,43,94,0.457,96,124,0.774,93,192,0.484,49.1,72,185,0.389,20,18.1,45.9,50,5,5,50,90,0.556,17,57,0.298,67,90,0.744,67,146,0.459,49.7,44,144,0.306,4.11,7.74,4.06,6.22,114.5,26.5
0.812768848,1.133332786,TRUE,18,75,1567,2.1,2.7,255,20.4,56.4,59.8,4,4,60,90,0.667,22,62,0.355,77,102,0.755,82,152,0.539,45.9,51,3.254626675,129,8.232291002,0.395,18,20.4,56.4,59.8,4,4,60,90,0.667,22,62,0.355,77,102,0.755,82,152,0.539,45.9,51,129,0.395,18,20.4,56.4,59.8,4,4,60,90,0.667,22,62,0.355,77,102,0.755,82,152,0.539,45.9,51,129,0.395,3.66,4.99,3.43,3.73,116,15.9
0.738217312,0.902236203,TRUE,20,78,2042,2.2,1.4,208,24.9,56.2,60.1,25,27,124,186,0.667,53,135,0.393,114,141,0.809,177,321,0.551,24.8,42,2.056807052,106,5.190989226,0.396,19,20.5,44.9,51,8,9,32,59,0.542,18,47,0.383,56,74,0.757,50,106,0.472,36.9,17,62,0.274,18,15.3,50.3,54,8,10,39,66,0.591,12,39,0.308,43,57,0.754,51,105,0.486,43.2,28,80,0.35,3.2,3.93,3.21,3.52,112.1,14.9
0.778293454,1.09480301,TRUE,18,83,1256,3.4,4.6,184,22.8,59.5,64.7,31,31,61,93,0.656,20,43,0.465,106,133,0.797,81,136,0.596,41.4,38,3.025477707,96,7.643312102,0.396,18,22.8,59.5,64.7,31,31,61,93,0.656,20,43,0.465,106,133,0.797,81,136,0.596,41.4,38,96,0.396,18,22.8,59.5,64.7,31,31,61,93,0.656,20,43,0.465,106,133,0.797,81,136,0.596,41.4,38,96,0.396,3.16,6.41,3.36,5.56,114.6,24.6
0.533019793,0.686088106,FALSE,18,83,1942,4.7,2.2,425,25.8,64,64.3,94,98,193,264,0.731,54,118,0.458,131,209,0.627,247,382,0.647,13.2,23,1.184346035,58,2.98661174,0.397,18,25.8,64,64.3,94,98,193,264,0.731,54,118,0.458,131,209,0.627,247,382,0.647,13.2,23,58,0.397,18,25.8,64,64.3,94,98,193,264,0.731,54,118,0.458,131,209,0.627,247,382,0.647,13.2,23,58,0.397,5.54,7.39,5.11,6.01,124.6,34.8
1.275068469,1.353518501,TRUE,18,75,2254,1.9,2.1,355,25.1,54.3,58.6,24,28,72,111,0.649,75,187,0.401,148,180,0.822,147,296,0.497,47,104,4.614019521,262,11.62377995,0.397,18,25.1,54.3,58.6,24,28,72,111,0.649,75,187,0.401,148,180,0.822,147,296,0.497,47,104,262,0.397,18,25.1,54.3,58.6,24,28,72,111,0.649,75,187,0.401,148,180,0.822,147,296,0.497,47,104,262,0.397,3.85,5.54,3.34,3.88,117.3,28.5
1.306178433,1.16753794,TRUE,21,80,1929,4.8,1.4,405,28.1,61.4,63.8,63,67,196,277,0.708,45,111,0.405,142,190,0.747,241,388,0.621,30,66,3.421461897,166,8.605495075,0.398,20,18,55.4,58.6,18,19,48,74,0.649,20,38,0.526,40,53,0.755,68,112,0.607,32.5,16,54,0.296,20,18,55.4,58.6,18,19,48,74,0.649,20,38,0.526,40,53,0.755,68,112,0.607,32.5,16,54,0.296,6.28,8.27,5.32,6.53,119.5,19.5
0,0.444581682,FALSE,19,83,1619,4.8,2.6,155,24.2,49.7,54.1,21,22,86,133,0.647,57,159,0.358,124,187,0.663,143,292,0.49,6.4,8,0.49413218,20,1.235330451,0.4,18,20.4,61.6,63.5,27,28,109,147,0.741,51,113,0.451,103,154,0.669,160,260,0.615,0.8,1,2,0.5,18,20.4,61.6,63.5,27,28,109,147,0.741,51,113,0.451,103,154,0.669,160,260,0.615,0.8,1,2,0.5,1.82,5.12,1.07,2.21,103.7,18.8
0.915459447,1.188064337,TRUE,19,80,1757,2.5,1.1,78,28.6,51.6,57.5,7,9,67,108,0.62,46,137,0.336,132,156,0.846,114,246,0.463,38.7,62,3.528742174,155,8.821855435,0.4,19,28.6,51.6,57.5,7,9,67,108,0.62,46,137,0.336,132,156,0.846,114,246,0.463,38.7,62,155,0.4,19,28.6,51.6,57.5,7,9,67,108,0.62,46,137,0.336,132,156,0.846,114,246,0.463,38.7,62,155,0.4,2.04,3.91,1.3,2.93,106.3,15.6
1.121213628,1.148990233,TRUE,19,77,1371,2.2,1.2,100,25.9,53.6,57.9,0,0,46,77,0.597,47,111,0.423,74,89,0.831,88,178,0.494,38.6,45,3.282275711,112,8.169219548,0.402,18,19.8,42.5,44.6,0,1,18,30,0.6,17,52,0.327,19,29,0.655,35,80,0.438,50,22,80,0.275,18,19.8,42.5,44.6,0,1,18,30,0.6,17,52,0.327,19,29,0.655,35,80,0.438,50,22,80,0.275,2.35,4.32,2.46,3.73,109.6,19.2
1.319822715,1.56714421,TRUE,20,77,1640,2.7,2.2,390,25.3,52.3,55.8,8,8,42,71,0.592,30,105,0.286,89,113,0.788,73,178,0.41,58.2,100,6.097560976,248,15.12195122,0.403,19,23.7,51.6,54.2,7,8,53,81,0.654,32,77,0.416,68,103,0.66,85,158,0.538,44.9,42,129,0.326,18,18.2,48.2,49.6,3,3,38,69,0.551,14,48,0.292,35,58,0.603,52,117,0.444,57.6,54,159,0.34,3.8,5.95,3.84,4.44,110.4,22.8
0.635662646,0.67764006,FALSE,19,78,2026,1.1,1,172,22.8,51.6,57.9,11,11,108,182,0.593,52,138,0.377,143,174,0.822,160,320,0.5,15.1,23,1.135241856,57,2.813425469,0.404,19,22.8,51.6,57.9,11,11,108,182,0.593,52,138,0.377,143,174,0.822,160,320,0.5,15.1,23,57,0.404,19,22.8,51.6,57.9,11,11,108,182,0.593,52,138,0.377,143,174,0.822,160,320,0.5,15.1,23,57,0.404,2.56,4.49,3.07,4.79,113.1,21.8
0.849938351,1.237403759,TRUE,21,79,1503,2.2,1.5,311,30.1,55.4,58.2,10,10,85,129,0.659,56,138,0.406,90,121,0.744,141,268,0.526,34.5,57,3.79241517,141,9.381237525,0.404,20,25.9,51.5,55.9,12,12,102,159,0.642,76,184,0.413,122,151,0.808,178,343,0.519,29.3,48,142,0.338,19,22.6,49.8,54.7,7,8,73,125,0.584,43,111,0.387,83,101,0.822,116,237,0.489,25.2,28,80,0.35,4.95,6.95,4.57,5.42,115.2,18.3
1.009605864,1.239853892,TRUE,21,77,1943,2.9,1.8,434,27.1,59,61.9,20,21,114,160,0.713,48,120,0.4,127,170,0.747,162,280,0.579,39.5,74,3.808543489,183,9.418425116,0.404,20,23.5,57.5,60.2,16,16,115,155,0.742,60,139,0.432,103,137,0.752,175,294,0.595,34.4,55,154,0.357,19,18.7,62.2,63.6,6,6,56,80,0.7,15,49,0.306,65,97,0.67,72,129,0.558,46.5,52,112,0.464,6,7.86,5.4,6.83,123.5,32.3
0.906352691,1.259518416,TRUE,22,73,2223,1.8,1,239,28.1,51.7,59.1,0,0,67,117,0.573,59,165,0.358,207,238,0.87,126,281,0.448,43.3,87,3.913630229,215,9.671614935,0.405,21,24.2,54.4,59.8,0,0,46,70,0.657,32,91,0.352,118,144,0.819,78,160,0.487,51.7,68,171,0.398,20,23.6,47.3,52.5,0,0,48,84,0.571,29,100,0.29,110,148,0.743,77,184,0.418,47.4,59,166,0.355,4.09,6.51,4.26,6.1,112.7,22
0.828830924,1.360041346,TRUE,22,74,2415,1.3,1.2,334,25.2,51,56.8,1,1,54,125,0.432,35,103,0.34,167,202,0.827,89,227,0.392,54.4,110,4.554865424,271,11.22153209,0.406,21,17.8,55.6,58.6,3,3,38,48,0.792,25,76,0.329,73,92,0.793,63,125,0.504,65.9,94,242,0.388,20,17,57.4,59.9,3,3,31,50,0.62,35,88,0.398,65,88,0.739,66,138,0.478,54.5,72,165,0.436,5.66,7.32,4.84,5.85,121.1,28.7
1.065,1.323652798,TRUE,21,77,2392,2.8,2.6,485,23.3,57,59.5,37,41,119,164,0.726,36,126,0.286,113,152,0.743,155,290,0.534,46.6,103,4.306020067,253,10.57692308,0.407,20,19.8,52.8,54.5,15,17,53,82,0.646,15,58,0.259,49,72,0.681,68,140,0.486,59.1,75,202,0.371,19,16.8,51,52.6,13,19,51,84,0.607,17,46,0.37,33,49,0.673,68,130,0.523,50,43,130,0.331,4.2,6.51,3.27,4.22,119.2,32.5
0.816132342,1.299792857,TRUE,21,74,2079,1.5,1.3,565,26.1,60.4,63.5,6,6,101,142,0.711,83,163,0.509,130,162,0.802,184,307,0.599,40.7,86,4.136604137,211,10.14911015,0.408,20,23.5,60.4,65.5,1,1,93,127,0.732,48,100,0.48,120,137,0.876,141,227,0.621,32.8,42,111,0.378,19,22.1,53.9,58.1,0,0,50,79,0.633,27,72,0.375,82,106,0.774,77,151,0.51,45.9,49,128,0.383,6.95,8.62,5.76,6.13,131.5,41.2
1.029457138,1.478287212,TRUE,18,76,2110,2.4,2,402,25.4,55.9,59,18,19,77,111,0.694,54,150,0.36,119,152,0.783,131,261,0.502,51.5,113,5.355450237,277,13.12796209,0.408,18,25.4,55.9,59,18,19,77,111,0.694,54,150,0.36,119,152,0.783,131,261,0.502,51.5,113,277,0.408,18,25.4,55.9,59,18,19,77,111,0.694,54,150,0.36,119,152,0.783,131,261,0.502,51.5,113,277,0.408,4.51,5.81,3.75,4.21,115.6,17.9
0.588,1.250861278,TRUE,18,81,2095,3.7,3,280,24.6,52.5,55.3,17,17,69,117,0.59,65,172,0.378,116,170,0.682,134,289,0.464,40.3,80,3.818615752,195,9.307875895,0.41,18,24.6,52.5,55.3,17,17,69,117,0.59,65,172,0.378,116,170,0.682,134,289,0.464,40.3,80,195,0.41,18,24.6,52.5,55.3,17,17,69,117,0.59,65,172,0.378,116,170,0.682,134,289,0.464,40.3,80,195,0.41,4.13,5.71,3.79,5.63,117,11.5
0.843440099,0.993257281,TRUE,18,77,1541,2.2,2.2,111,23.4,55.4,59.4,12,13,57,79,0.722,66,153,0.431,80,96,0.833,123,232,0.53,28,37,2.401038287,90,5.8403634,0.411,18,23.4,55.4,59.4,12,13,57,79,0.722,66,153,0.431,80,96,0.833,123,232,0.53,28,37,90,0.411,18,23.4,55.4,59.4,12,13,57,79,0.722,66,153,0.431,80,96,0.833,123,232,0.53,28,37,90,0.411,3.42,3.71,3.09,3.83,116.9,20.6
0.887833487,1.353566827,TRUE,18,78,1300,2.2,2.6,328,20.5,57.1,60,8,9,42,59,0.712,35,88,0.398,53,64,0.828,77,146,0.527,49.1,58,4.461538462,141,10.84615385,0.411,18,20.5,57.1,60,8,9,42,59,0.712,35,88,0.398,53,64,0.828,77,146,0.527,49.1,58,141,0.411,18,20.5,57.1,60,8,9,42,59,0.712,35,88,0.398,53,64,0.828,77,146,0.527,49.1,58,141,0.411,4.39,6.25,3.36,3.37,114.7,24
1.005111039,1.442988994,TRUE,18,77,1874,2,1,322,29.9,54.1,57.3,4,4,70,110,0.636,66,174,0.379,118,156,0.756,136,284,0.479,44.9,95,5.069370331,231,12.32657417,0.411,18,29.9,54.1,57.3,4,4,70,110,0.636,66,174,0.379,118,156,0.756,136,284,0.479,44.9,95,231,0.411,18,29.9,54.1,57.3,4,4,70,110,0.636,66,174,0.379,118,156,0.756,136,284,0.479,44.9,95,231,0.411,4.55,6.48,4.84,6.41,115.8,26.1
0.857261629,1.192933964,TRUE,19,78,2314,1.8,1.4,514,20.1,66.8,67.3,37,40,94,120,0.783,15,29,0.517,66,98,0.673,109,149,0.732,56.6,80,3.45721694,194,8.38375108,0.412,19,20.1,66.8,67.3,37,40,94,120,0.783,15,29,0.517,66,98,0.673,109,149,0.732,56.6,80,194,0.412,19,20.1,66.8,67.3,37,40,94,120,0.783,15,29,0.517,66,98,0.673,109,149,0.732,56.6,80,194,0.412,5.51,7.89,5.52,7.42,124.1,30.6
0.2224446,0.671899134,FALSE,18,82,1738,5,2.4,451,23.4,59.1,62.8,56,58,120,175,0.686,40,97,0.412,124,168,0.738,160,273,0.586,14.4,19,1.093210587,46,2.646720368,0.413,18,23.4,59.1,62.8,56,58,120,175,0.686,40,97,0.412,124,168,0.738,160,273,0.586,14.4,19,46,0.413,18,23.4,59.1,62.8,56,58,120,175,0.686,40,97,0.412,124,168,0.738,160,273,0.586,14.4,19,46,0.413,4.8,8.48,4.28,6.39,125.6,40.3
1.088944443,1.384558982,TRUE,19,79,1511,2.6,1.6,213,21.5,61.1,63.6,5,5,54,76,0.711,32,67,0.478,74,97,0.763,87,145,0.6,53.8,70,4.63269358,169,11.18464593,0.414,18,16.4,54.3,55.4,5,5,27,43,0.628,16,42,0.381,20,28,0.714,42,85,0.494,66.5,64,169,0.379,18,16.4,54.3,55.4,5,5,27,43,0.628,16,42,0.381,20,28,0.714,42,85,0.494,66.5,64,169,0.379,3.92,6.13,3.51,3.95,114.4,24.3
0.911494432,1.127518845,TRUE,19,79,1436,3.2,2.6,235,18.9,56.5,58.5,26,28,51,73,0.699,49,115,0.426,48,65,0.738,100,188,0.532,36.1,44,3.064066852,106,7.381615599,0.415,19,18.9,56.5,58.5,26,28,51,73,0.699,49,115,0.426,48,65,0.738,100,188,0.532,36.1,44,106,0.415,19,18.9,56.5,58.5,26,28,51,73,0.699,49,115,0.426,48,65,0.738,100,188,0.532,36.1,44,106,0.415,3.45,6.33,2.67,3.98,104.8,15.6
1.273436924,1.488912677,TRUE,22,74,1647,1.3,1,281,28.4,56.3,60.1,0,0,92,153,0.601,36,97,0.371,115,140,0.821,128,250,0.512,45.9,88,5.343047966,212,12.87188828,0.415,21,21.4,49.9,54.3,1,1,71,131,0.542,30,70,0.429,93,111,0.838,102,202,0.505,49.5,65,198,0.328,20,21,55.4,58.3,1,1,70,135,0.519,23,58,0.397,82,106,0.774,93,192,0.484,51.8,85,206,0.413,5.01,6.71,4.83,5.44,114.4,22.7
0.818570156,0.949679648,TRUE,21,85,1938,4.3,1.2,319,28.1,59,62.8,31,34,137,180,0.761,88,207,0.425,156,200,0.78,225,387,0.581,20.7,42,2.167182663,101,5.211558308,0.416,20,25.1,57.8,61.1,16,18,112,160,0.7,46,111,0.414,101,132,0.765,159,273,0.582,26.4,37,98,0.378,20,25.1,57.8,61.1,16,18,112,160,0.7,46,111,0.414,101,132,0.765,159,273,0.582,26.4,37,98,0.378,6.14,9.21,5.18,7.01,117.6,15.3
0.480242855,0.572044508,FALSE,20,80,1913,3.6,1.9,611,26.4,60.8,63.9,58,60,185,257,0.72,75,171,0.439,164,222,0.739,260,429,0.606,7.7,15,0.78410873,36,1.881860951,0.417,19,23.9,57.7,62.5,21,22,115,169,0.68,39,85,0.459,105,132,0.795,154,254,0.606,9.3,5,26,0.192,19,23.9,57.7,62.5,21,22,115,169,0.68,39,85,0.459,105,132,0.795,154,254,0.606,9.3,5,26,0.192,4.5,5.89,3.39,4.12,126,38.1
0.453514278,1.027630369,TRUE,18,78,1820,3.7,3.1,446,22.4,55.1,57.2,24,25,112,163,0.687,15,85,0.176,100,156,0.641,127,246,0.516,30.9,46,2.527472527,110,6.043956044,0.418,18,22.4,55.1,57.2,24,25,112,163,0.687,15,85,0.176,100,156,0.641,127,246,0.516,30.9,46,110,0.418,18,22.4,55.1,57.2,24,25,112,163,0.687,15,85,0.176,100,156,0.641,127,246,0.516,30.9,46,110,0.418,4.5,7.36,3.56,6.01,120.5,23.5
0.320444067,0.737485554,FALSE,21,80,1388,5,2,176,25.1,59.3,62.3,45,46,107,155,0.69,32,82,0.39,101,142,0.711,139,237,0.586,15.4,18,1.296829971,43,3.097982709,0.419,20,21.6,52.1,56.8,53,55,106,146,0.726,26,103,0.252,113,159,0.711,132,248,0.532,13.9,12,40,0.3,19,17.7,62.4,62.8,34,38,64,90,0.711,18,40,0.45,31,50,0.62,83,131,0.634,1.5,0,2,0,0.98,2.95,1.6,2.66,102.6,8.1
1.164034407,1.319156163,TRUE,19,77,1251,1.4,1,27,21.5,61.1,63.1,7,8,46,62,0.742,26,60,0.433,37,45,0.822,71,120,0.592,50.8,52,4.15667466,124,9.912070344,0.419,18,10.1,66.2,66.6,11,11,33,38,0.868,4,16,0.25,18,26,0.692,37,54,0.685,67.7,49,113,0.434,18,10.1,66.2,66.6,11,11,33,38,0.868,4,16,0.25,18,26,0.692,37,54,0.685,67.7,49,113,0.434,3.91,6.24,3.81,5.73,100.1,1.4
1.064148721,1.268054086,TRUE,21,80,1854,2.8,2.6,282,22.3,55,59,14,16,47,74,0.635,73,168,0.435,109,135,0.807,120,243,0.494,41,71,3.829557713,169,9.115426106,0.42,19,16.1,52.4,53.5,5,6,20,30,0.667,60,128,0.469,27,41,0.659,80,158,0.506,44.9,47,129,0.364,19,16.1,52.4,53.5,5,6,20,30,0.667,60,128,0.469,27,41,0.659,80,158,0.506,44.9,47,129,0.364,4.58,4.77,3.98,4.23,119,13.7
0.851890427,1.365120467,TRUE,18,82,1787,3.9,1.8,273,26.2,52.2,57.1,14,15,41,63,0.651,63,176,0.358,131,164,0.799,104,239,0.435,43.9,79,4.420817012,187,10.46446558,0.422,18,26.2,52.2,57.1,14,15,41,63,0.651,63,176,0.358,131,164,0.799,104,239,0.435,43.9,79,187,0.422,18,26.2,52.2,57.1,14,15,41,63,0.651,63,176,0.358,131,164,0.799,104,239,0.435,43.9,79,187,0.422,2.47,5.59,2.29,3.96,110.2,26.2
0.960823397,0.904743511,TRUE,20,80,1705,4.1,2.2,353,25.4,56.7,59.2,33,37,90,137,0.657,67,149,0.45,118,178,0.663,157,286,0.549,21.4,33,1.935483871,78,4.574780059,0.423,19,21.3,52.7,55.8,40,41,99,150,0.66,30,87,0.345,126,208,0.606,129,238,0.542,8.1,5,21,0.238,19,21.3,52.7,55.8,40,41,99,150,0.66,30,87,0.345,126,208,0.606,129,238,0.542,8.1,5,21,0.238,4.28,7.09,2.69,4.39,118.7,32.6
0.08598023,1.159548696,TRUE,22,82,1384,4.6,2.2,144,27.1,56.5,60.7,38,42,74,104,0.712,60,146,0.411,109,138,0.79,134,250,0.536,29.4,44,3.179190751,104,7.514450867,0.423,21,20.4,58,63.1,39,43,75,102,0.735,42,99,0.424,85,101,0.842,117,201,0.582,17.3,16,42,0.381,20,19.6,56.9,60.2,31,34,62,85,0.729,35,86,0.407,62,89,0.697,97,171,0.567,1.2,1,2,0.5,3.06,5.33,3.83,5.04,114.8,21
1.127442593,1.275037477,TRUE,19,85,1794,4.3,2.7,323,21.5,58.4,63.5,20,24,65,100,0.65,51,113,0.451,137,164,0.835,116,213,0.545,43.4,69,3.846153846,163,9.085841695,0.423,19,21.5,58.4,63.5,20,24,65,100,0.65,51,113,0.451,137,164,0.835,116,213,0.545,43.4,69,163,0.423,19,21.5,58.4,63.5,20,24,65,100,0.65,51,113,0.451,137,164,0.835,116,213,0.545,43.4,69,163,0.423,4.22,5.45,4.41,4.75,119.2,27.5
0.743612802,1.282140687,TRUE,22,79,1881,3.7,2.2,525,24.5,57.2,62.1,28,34,84,132,0.636,53,125,0.424,172,219,0.785,137,259,0.529,39.9,73,3.880914407,172,9.144072302,0.424,22,24.5,57.2,62.1,28,34,84,132,0.636,53,125,0.424,172,219,0.785,137,259,0.529,39.9,73,172,0.424,22,24.5,57.2,62.1,28,34,84,132,0.636,53,125,0.424,172,219,0.785,137,259,0.529,39.9,73,172,0.424,4.39,5.48,4.87,4.59,119.5,26.6
1.050192411,1.311967825,TRUE,23,78,1504,2.5,1.5,220,22.5,63.3,65.7,14,15,63,90,0.7,36,67,0.537,64,79,0.81,99,157,0.631,47.8,61,4.055851064,144,9.574468085,0.424,22,22.7,49.2,52.9,11,12,63,110,0.573,16,54,0.296,62,78,0.795,79,164,0.482,46.1,47,140,0.336,22,22.7,49.2,52.9,11,12,63,110,0.573,16,54,0.296,62,78,0.795,79,164,0.482,46.1,47,140,0.336,4.41,6.49,3.17,4.72,113.3,13.6
1.144744513,1.364190682,TRUE,20,76,1961,2.5,2.7,375,21.5,57.4,60.5,5,5,74,117,0.632,25,77,0.325,103,137,0.752,99,194,0.51,51.1,86,4.385517593,203,10.3518613,0.424,19,21.6,53.1,56.7,0,0,61,102,0.598,21,73,0.288,100,141,0.709,82,175,0.469,48.2,65,163,0.399,19,21.6,53.1,56.7,0,0,61,102,0.598,21,73,0.288,100,141,0.709,82,175,0.469,48.2,65,163,0.399,4.06,5.48,3.52,3.74,113.4,17
0.919459406,1.519353842,TRUE,22,80,1784,4.5,1.4,315,24.7,64.9,68,28,28,113,152,0.743,24,57,0.421,115,135,0.852,142,215,0.66,51.5,97,5.437219731,228,12.78026906,0.425,21,22.6,65.3,66.8,24,25,113,164,0.689,13,30,0.433,94,131,0.718,135,203,0.665,44.4,69,162,0.426,20,14,63.8,65.5,20,21,54,80,0.675,6,9,0.667,42,58,0.724,60,89,0.674,50.8,37,92,0.402,5.4,6.19,4.37,4.92,118.8,20.9
1.358718587,1.275365538,TRUE,20,75,1633,2.3,2.3,246,22.2,51.1,59.5,1,1,24,50,0.48,52,136,0.382,144,156,0.923,76,186,0.409,43.8,62,3.796693203,145,8.879363135,0.428,19,15,47.3,54.1,1,1,14,19,0.737,11,42,0.262,53,64,0.828,25,61,0.41,58.8,30,87,0.345,19,15,47.3,54.1,1,1,14,19,0.737,11,42,0.262,53,64,0.828,25,61,0.41,58.8,30,87,0.345,3.77,4.97,2.49,2.89,114.1,23.9
1.050353083,1.340688868,TRUE,21,73,2099,1.1,1,163,27.2,55.7,60.9,4,4,86,151,0.57,38,104,0.365,159,192,0.828,124,255,0.486,44.6,88,4.192472606,205,9.766555503,0.429,20,23.2,57.1,61,6,6,59,92,0.641,38,88,0.432,88,111,0.793,97,180,0.539,41.7,53,129,0.411,19,20.4,46.2,50,1,1,34,71,0.479,41,125,0.328,64,88,0.727,75,196,0.383,32.2,39,93,0.419,3.95,4.82,3.22,3.5,113.4,17.5
0.929436819,1.242393983,TRUE,20,80,1822,5,4.3,397,17.9,57.3,58.8,26,35,59,103,0.573,36,81,0.444,49,70,0.7,95,186,0.511,44.6,65,3.567508233,150,8.232711306,0.433,20,17.9,57.3,58.8,26,35,59,103,0.573,36,81,0.444,49,70,0.7,95,186,0.511,44.6,65,150,0.433,20,17.9,57.3,58.8,26,35,59,103,0.573,36,81,0.444,49,70,0.7,95,186,0.511,44.6,65,150,0.433,4.17,6.52,3.99,5.91,128.6,36.3
1.243701894,1.414801018,TRUE,20,81,1124,2.9,2.7,199,17.3,63.9,67,23,24,33,47,0.702,11,24,0.458,38,41,0.927,44,71,0.62,62.8,52,4.62633452,120,10.67615658,0.433,19,20.1,54.3,58,19,19,39,50,0.78,9,38,0.237,60,72,0.833,48,88,0.545,68.1,68,188,0.362,18,16.5,62.9,64.5,4,4,9,10,0.9,11,28,0.393,37,51,0.725,20,38,0.526,79.1,63,144,0.438,3.81,4.41,3.24,4.08,118.1,27.8
0.834143273,1.470656311,TRUE,21,79,2091,3.2,2.7,556,22,62.3,65.5,35,42,109,161,0.677,31,75,0.413,114,134,0.851,140,236,0.593,50.3,104,4.973696796,239,11.42993783,0.435,20,15.5,64.4,67.6,20,21,72,90,0.8,12,31,0.387,51,56,0.911,84,121,0.694,48.1,44,112,0.393,19,14.4,59.1,63.3,26,26,57,70,0.814,6,18,0.333,59,75,0.787,63,88,0.716,46.7,23,77,0.299,6.11,8.86,5.36,7.08,131.3,39.9
0.868327127,1.095161392,TRUE,20,77,1640,4.1,1,222,28.8,63.4,64.9,27,31,108,151,0.715,64,124,0.516,102,147,0.694,172,275,0.625,27.2,45,2.743902439,103,6.280487805,0.437,19,25.8,55.1,60,15,18,109,164,0.665,19,53,0.358,105,134,0.784,128,218,0.587,24,20,69,0.29,18,24.7,48.5,53.3,11,15,86,128,0.672,24,70,0.343,83,113,0.735,110,198,0.556,27.5,15,75,0.2,4.28,5.66,3.86,4.56,114.2,19.9
0.939241715,1.092725854,TRUE,21,79,1687,3.2,2.2,492,23.5,57.9,61.8,19,19,92,133,0.692,67,156,0.429,123,157,0.783,159,289,0.55,26.6,46,2.726733847,105,6.22406639,0.438,20,25.4,53.8,58.4,8,9,45,75,0.6,38,82,0.463,74,98,0.755,83,158,0.525,25.8,21,55,0.382,20,25.4,53.8,58.4,8,9,45,75,0.6,38,82,0.463,74,98,0.755,83,158,0.525,25.8,21,55,0.382,5.69,8.38,3.63,4.25,125.2,42.7
1.066154304,1.304782238,TRUE,20,78,2265,2.6,1.9,336,23,57.9,62.9,3,3,55,87,0.632,94,198,0.475,160,187,0.856,149,284,0.525,41.4,88,3.885209713,201,8.874172185,0.438,19,20.1,50.3,55.6,2,2,48,71,0.676,38,92,0.413,88,99,0.889,86,163,0.528,51.3,55,172,0.32,19,20.1,50.3,55.6,2,2,48,71,0.676,38,92,0.413,88,99,0.889,86,163,0.528,51.3,55,172,0.32,5.55,6.64,4.68,5.4,116.2,14.1
1.259485609,1.449969279,TRUE,21,78,1815,2.7,1.2,5,23.5,54.9,56.5,0,0,63,102,0.618,37,120,0.308,44,56,0.786,100,222,0.45,47.1,87,4.79338843,198,10.90909091,0.439,20,18.4,58.2,60.7,11,11,104,150,0.693,43,118,0.364,65,75,0.867,147,268,0.549,37.4,68,160,0.425,19,17.3,64.9,67.1,7,7,68,98,0.694,12,35,0.343,64,82,0.78,86,141,0.61,47.6,59,128,0.461,2.7,3.96,1.99,2.79,101.8,8.6
1.038267788,1.458469663,TRUE,21,79,1884,3.2,2.7,688,20.7,64.4,67.4,9,9,98,130,0.754,20,58,0.345,86,98,0.878,118,188,0.628,52.4,91,4.83014862,207,10.98726115,0.44,20,17.2,59.3,62.1,7,7,53,94,0.564,25,57,0.439,68,84,0.81,78,151,0.517,54.1,78,178,0.438,19,13.6,56.5,58.6,7,7,42,67,0.627,1,9,0.111,28,32,0.875,43,75,0.573,68.5,61,163,0.374,6.17,8.27,5.5,5.77,129,44.7
0.694691586,1.291528162,TRUE,22,78,2087,3,2.1,131,21.2,52.8,57.3,8,9,58,96,0.604,39,133,0.293,116,146,0.795,97,229,0.424,43.9,79,3.785337805,179,8.576904648,0.441,21,18.5,56.4,61,9,11,52,86,0.605,37,96,0.385,106,135,0.785,89,182,0.489,39.1,53,117,0.453,19,18.8,47.4,49.5,4,5,26,46,0.565,38,102,0.373,45,72,0.625,64,148,0.432,44.8,42,120,0.35,2.44,3.26,2.22,3.01,107.3,5.2
0.833476334,1.431504046,TRUE,20,78,1983,2.2,1.5,213,23.9,58.6,64.2,15,17,53,87,0.609,40,99,0.404,168,204,0.824,93,186,0.5,52.8,92,4.639435199,208,10.48915784,0.442,19,16.4,59.6,63,6,7,38,57,0.667,20,59,0.339,70,83,0.843,58,116,0.5,60.8,79,180,0.439,19,16.4,59.6,63,6,7,38,57,0.667,20,59,0.339,70,83,0.843,58,116,0.5,60.8,79,180,0.439,5.24,5.82,4.77,4.67,122.3,23.7
1.360909108,1.563735098,TRUE,20,76,1518,1.4,1.3,232,21,62.2,65.5,6,7,51,77,0.662,19,49,0.388,85,103,0.825,70,125,0.56,60.3,84,5.533596838,190,12.51646904,0.442,19,18.4,60.3,63.4,5,6,44,76,0.579,16,40,0.4,68,84,0.81,61,117,0.521,57.9,71,161,0.441,19,18.4,60.3,63.4,5,6,44,76,0.579,16,40,0.4,68,84,0.81,61,117,0.521,57.9,71,161,0.441,5.17,5.67,5.05,5.1,123.1,25.8
1.148150992,1.651654082,TRUE,22,77,1691,1.9,1,444,28.9,57.9,60.8,5,7,38,61,0.623,63,148,0.426,81,95,0.853,101,210,0.481,52.7,104,6.150206978,234,13.8379657,0.444,21,24,55.7,58.4,2,3,40,60,0.667,55,140,0.393,71,86,0.826,95,200,0.475,55.1,102,245,0.416,20,18.1,48.9,51.2,4,7,34,58,0.586,31,91,0.341,44,65,0.677,65,151,0.43,43,43,114,0.377,7.35,10.32,7.59,9.32,119.4,24.8
0.859612936,1.288855281,TRUE,22,74,1696,1.2,1.4,482,21.6,61.3,62,2,2,70,111,0.631,25,57,0.439,43,66,0.652,95,168,0.565,45.6,63,3.714622642,141,8.313679245,0.447,21,19.1,47.5,50.3,4,4,58,96,0.604,13,56,0.232,53,80,0.662,71,152,0.467,40.9,34,105,0.324,19,13.5,50,52.6,0,0,28,43,0.651,2,12,0.167,21,31,0.677,30,53,0.566,49.5,15,52,0.288,5.17,7.53,4.33,5.3,125.7,39
1.156926964,1.411320798,TRUE,18,78,1595,3.5,3.2,309,16.9,61.3,63,8,10,42,58,0.724,33,79,0.418,42,53,0.792,75,137,0.547,53.7,71,4.451410658,159,9.968652038,0.447,18,16.9,61.3,63,8,10,42,58,0.724,33,79,0.418,42,53,0.792,75,137,0.547,53.7,71,159,0.447,18,16.9,61.3,63,8,10,42,58,0.724,33,79,0.418,42,53,0.792,75,137,0.547,53.7,71,159,0.447,4.38,5.15,3.38,4.27,122.6,29.1
0.847728258,1.23144943,TRUE,21,78,1808,2.9,2.6,479,21.6,54.6,58.3,7,9,49,93,0.527,51,121,0.421,87,110,0.791,100,215,0.465,38.7,61,3.373893805,136,7.522123894,0.449,20,17.7,68.5,71.6,8,8,58,81,0.716,21,44,0.477,54,63,0.857,79,125,0.632,30.9,30,56,0.536,19,12.3,61.2,63.6,2,3,36,52,0.692,8,24,0.333,27,35,0.771,44,76,0.579,37.2,20,45,0.444,4.09,6.86,3.92,5.28,117.6,25.4
1.305342867,1.401962319,TRUE,20,80,1811,2.8,2.1,242,22,58.4,60.8,18,21,66,105,0.629,30,87,0.345,70,91,0.769,96,192,0.5,47.7,79,4.362230812,175,9.66316952,0.451,19,14.4,56.1,57.1,19,21,44,64,0.688,16,43,0.372,29,45,0.644,60,107,0.561,55,49,131,0.374,19,14.4,56.1,57.1,19,21,44,64,0.688,16,43,0.372,29,45,0.644,60,107,0.561,55,49,131,0.374,3.93,5.21,3.13,3.42,107.1,11.8
0.675620086,1.420498956,TRUE,21,78,1053,2.8,1.8,342,22,57.2,61,18,21,44,66,0.667,12,51,0.235,64,82,0.78,56,117,0.479,47.1,47,4.463437797,104,9.87654321,0.452,20,22.9,47,51.6,9,11,38,59,0.644,28,74,0.378,68,95,0.716,66,134,0.493,43.2,30,102,0.294,19,20.8,46.7,52.3,20,24,47,81,0.58,22,65,0.338,68,89,0.764,69,146,0.473,31.1,20,66,0.303,4.57,8.02,3.16,4.2,118.2,32.2
1.25165091,1.501640748,TRUE,22,81,1945,2.8,1.8,430,20.7,62,64.7,9,10,67,94,0.713,48,114,0.421,90,110,0.818,115,208,0.553,50.2,96,4.935732648,210,10.79691517,0.457,21,18.8,51.5,55.1,5,7,42,66,0.636,24,61,0.393,50,59,0.847,66,127,0.52,52.1,47,138,0.341,20,16.3,58.7,61.6,5,5,39,59,0.661,10,37,0.27,60,74,0.811,49,96,0.51,66.1,78,187,0.417,4.83,7.31,3.98,4.84,119.1,35
1.236450565,1.720441747,TRUE,23,76,2272,2.9,1,338,28.4,62.3,66.5,18,22,119,178,0.669,35,101,0.347,176,200,0.88,154,279,0.552,53.6,147,6.470070423,322,14.17253521,0.457,22,26.7,50.5,54.5,14,16,79,138,0.572,33,100,0.33,107,130,0.823,112,239,0.469,52,93,259,0.359,21,23,54.8,56.8,13,15,84,130,0.646,22,77,0.286,63,84,0.75,106,207,0.512,53,90,233,0.386,4.78,6.46,4.15,4.84,112.5,13.6
0.477151548,0.589144504,FALSE,19,82,1885,5,2.4,246,25.7,55.2,58.2,32,36,149,204,0.73,87,229,0.38,115,156,0.737,236,436,0.541,6.4,14,0.74270557,30,1.591511936,0.467,18,21.3,52.4,56.2,19,21,94,124,0.758,58,159,0.365,87,118,0.737,152,283,0.537,10.4,9,33,0.273,18,21.3,52.4,56.2,19,21,94,124,0.758,58,159,0.365,87,118,0.737,152,283,0.537,10.4,9,33,0.273,3.99,5.28,3.25,4.07,111.9,11.3
0.755142371,1.309797847,TRUE,22,71,2250,1.6,1,377,25.5,57.3,62.2,1,1,107,191,0.56,52,127,0.409,189,238,0.794,159,318,0.5,35.4,82,3.644444444,174,7.733333333,0.471,21,20.9,49.1,54.8,0,1,75,146,0.514,33,92,0.359,133,180,0.739,108,238,0.454,31.6,42,110,0.382,20,20.4,50.3,55.6,0,1,65,133,0.489,43,109,0.394,110,140,0.786,108,242,0.446,28.8,42,98,0.429,5.68,7.07,5.06,5.86,116.8,15.2
0.720374902,0.643232056,FALSE,19,85,1150,5,2.3,335,24.8,67.6,70.3,20,24,95,127,0.748,30,59,0.508,110,148,0.743,125,186,0.672,10.1,10,0.869565217,21,1.826086957,0.476,19,24.8,67.6,70.3,20,24,95,127,0.748,30,59,0.508,110,148,0.743,125,186,0.672,10.1,10,21,0.476,19,24.8,67.6,70.3,20,24,95,127,0.748,30,59,0.508,110,148,0.743,125,186,0.672,10.1,10,21,0.476,2.48,5.59,2.74,4.73,117.5,33.8
1.03995673,1.860780446,TRUE,20,78,905,3.3,1,56,23.7,65.9,68.5,6,6,29,52,0.558,16,38,0.421,52,63,0.825,45,90,0.5,56.1,60,6.629834254,115,12.70718232,0.522,19,19.8,49.3,53.6,11,11,42,70,0.6,13,46,0.283,66,80,0.825,55,116,0.474,60.1,59,175,0.337,19,19.8,49.3,53.6,11,11,42,70,0.6,13,46,0.283,66,80,0.825,55,116,0.474,60.1,59,175,0.337,2.65,3.49,2.94,3.23,104.5,3.9
